date,attention
2016-01-01,8.835501457409778
2016-01-02,9.044521887281242
2016-01-03,9.24753981296529
2016-01-04,9.298259670014065
2016-01-05,9.294589604421082
2016-01-06,9.187583384853566
2016-01-07,9.358674166481876
2016-01-08,9.207636720401869
2016-01-09,9.022443300849043
2016-01-10,9.023890304598448
2016-01-11,9.226705726062447
2016-01-12,9.206332350578643
2016-01-13,9.168058979719577
2016-01-14,9.158836529109067
2016-01-15,9.347054195292005
2016-01-16,9.269457976459272
2016-01-17,9.339876293325217
2016-01-18,9.438750032962892
2016-01-19,9.354094335620879
2016-01-20,9.284241179815718
2016-01-21,9.30228124567454
2016-01-22,9.222861652529854
2016-01-23,8.955060950631902
2016-01-24,9.046526486737967
2016-01-25,9.221873607789856
2016-01-26,9.206131527202128
2016-01-27,9.353401214816834
2016-01-28,9.387230538772931
2016-01-29,9.302007560502007
2016-01-30,8.997518369733845
2016-01-31,8.964439833539357
2016-02-01,9.125653563808989
2016-02-02,9.187071745036828
2016-02-03,9.18594521514146
2016-02-04,9.164401140034737
2016-02-05,9.013960457931187
2016-02-06,8.914491710191342
2016-02-07,9.006263883379198
2016-02-08,9.106756055719613
2016-02-09,9.145054905277552
2016-02-10,9.185842740375783
2016-02-11,9.176990392294629
2016-02-12,9.160834952072344
2016-02-13,9.022563964499264
2016-02-14,9.16711966952162
2016-02-15,9.448569560708433
2016-02-16,9.469005495357472
2016-02-17,9.435481925953065
2016-02-18,10.058095270762568
2016-02-19,9.722924448757036
2016-02-20,9.424483541093094
2016-02-21,9.421492310438014
2016-02-22,9.413036288021287
2016-02-23,9.332911924364364
2016-02-24,9.299541017434485
2016-02-25,9.28637505825218
2016-02-26,9.178540059426386
2016-02-27,9.051813463747946
2016-02-28,9.044521887281242
2016-02-29,9.202610573914242
2016-03-01,9.310728546007452
2016-03-02,9.251482315307358
2016-03-03,9.304194947447806
2016-03-04,9.136478523377727
2016-03-05,9.024733424190698
2016-03-06,9.115260165725912
2016-03-07,9.332380997885208
2016-03-08,9.284798282894192
2016-03-09,9.204925739274683
2016-03-10,9.154510487015513
2016-03-11,9.068546366358296
2016-03-12,8.887376485379763
2016-03-13,9.010547069270189
2016-03-14,9.364862411412354
2016-03-15,9.355133116877724
2016-03-16,9.217812386814884
2016-03-17,9.117896081584902
2016-03-18,9.025575833531088
2016-03-19,8.813884558025606
2016-03-20,8.913684824725294
2016-03-21,9.085683767376628
2016-03-22,9.138629524422182
2016-03-23,9.138629524422182
2016-03-24,9.190749722211178
2016-03-25,9.020026965252676
2016-03-26,8.866581653303996
2016-03-27,8.925853190420922
2016-03-28,9.104424146384634
2016-03-29,9.207235557022704
2016-03-30,9.166597449028265
2016-03-31,9.126632622902697
2016-04-01,9.047703788498627
2016-04-02,8.851663425366777
2016-04-03,8.987071812848821
2016-04-04,9.161045080251306
2016-04-05,9.280425979542871
2016-04-06,9.151757414543885
2016-04-07,9.156306483483696
2016-04-08,9.190749722211178
2016-04-09,8.88336291691676
2016-04-10,8.961622569542543
2016-04-11,9.263881138904212
2016-04-12,9.195632743103909
2016-04-13,9.231024963169016
2016-04-14,9.13108069099055
2016-04-15,9.001222992395064
2016-04-16,8.783089671796096
2016-04-17,8.890272839380247
2016-04-18,9.118882761487347
2016-04-19,9.23356849809539
2016-04-20,9.175334762777368
2016-04-21,9.453443401029997
2016-04-22,9.291182759820284
2016-04-23,9.004299728561636
2016-04-24,9.159047077588632
2016-04-25,9.26501793326688
2016-04-26,9.25349564229011
2016-04-27,9.207135241027235
2016-04-28,9.291274989472182
2016-04-29,9.07566546864958
2016-04-30,8.845921233304018
2016-05-01,8.91811465947453
2016-05-02,11.419691129110243
2016-05-03,10.722848794230309
2016-05-04,9.979985523508853
2016-05-05,10.202591644652882
2016-05-06,9.8230906154641
2016-05-07,9.4129546320379
2016-05-08,9.416459832284596
2016-05-09,9.57373270366244
2016-05-10,9.51406802284643
2016-05-11,9.404343433543975
2016-05-12,9.44604470533525
2016-05-13,9.261983605128021
2016-05-14,9.493261127326253
2016-05-15,9.47231994707559
2016-05-16,9.449829601826478
2016-05-17,9.235813167949214
2016-05-18,9.324383088016843
2016-05-19,9.50822026940441
2016-05-20,9.169310022418191
2016-05-21,8.925720273560222
2016-05-22,8.994916943677111
2016-05-23,9.215327913487222
2016-05-24,9.224539091375995
2016-05-25,9.174920426744922
2016-05-26,9.127067452782361
2016-05-27,9.101194924715385
2016-05-28,9.044521887281242
2016-05-29,8.995412975433313
2016-05-30,9.551373619924957
2016-05-31,9.626217750431657
2016-06-01,9.40951904583656
2016-06-02,9.296518068217235
2016-06-03,9.274816391160547
2016-06-04,9.076923258535832
2016-06-05,9.416378455387454
2016-06-06,9.349145334853365
2016-06-07,9.316860215353856
2016-06-08,9.286004275897172
2016-06-09,9.25253742067597
2016-06-10,9.180705566846491
2016-06-11,9.090091799380007
2016-06-12,9.201501423308978
2016-06-13,9.543593145970423
2016-06-14,9.426499589515949
2016-06-15,9.372119027538808
2016-06-16,9.403107186631676
2016-06-17,9.424725681616493
2016-06-18,9.24116051431607
2016-06-19,9.278279354984376
2016-06-20,9.50554408582681
2016-06-21,9.517383797906584
2016-06-22,9.337061124755339
2016-06-23,9.347228624038305
2016-06-24,9.94087967175319
2016-06-25,9.540938245404796
2016-06-26,9.163248764442333
2016-06-27,9.478763169489152
2016-06-28,9.346617990268731
2016-06-29,9.35331454092729
2016-06-30,9.307920700315046
2016-07-01,9.217514575724183
2016-07-02,9.080231686629162
2016-07-03,9.176059437999308
2016-07-04,9.274910142625483
2016-07-05,9.289243969571649
2016-07-06,9.245707515813473
2016-07-07,9.304012847838818
2016-07-08,9.20623194393164
2016-07-09,9.21253795551967
2016-07-10,9.348274558065496
2016-07-11,9.384797753713336
2016-07-12,9.362030885216615
2016-07-13,9.355046592975441
2016-07-14,9.25540933534376
2016-07-15,9.194820560318146
2016-07-16,9.018453210312527
2016-07-17,9.141954459109717
2016-07-18,9.238441802087058
2016-07-19,9.183585634667363
2016-07-20,9.19339765124587
2016-07-21,9.212637731024866
2016-07-22,9.315600882633676
2016-07-23,8.934059722248843
2016-07-24,9.036463061964891
2016-07-25,9.26926943950547
2016-07-26,9.3487971151232
2016-07-27,9.345133468317714
2016-07-28,9.261983605128021
2016-07-29,9.1248914101437
2016-07-30,9.065198986306513
2016-07-31,11.148031119826314
2016-08-01,9.119977931895791
2016-08-02,9.160940021681055
2016-08-03,9.93870989824589
2016-08-04,9.56626503452421
2016-08-05,9.273878392780171
2016-08-06,9.05742226555147
2016-08-07,9.590692779269272
2016-08-08,9.513772754519195
2016-08-09,9.458293602198967
2016-08-10,9.2393164802127
2016-08-11,9.174298600628918
2016-08-12,9.083075020930307
2016-08-13,8.97094039814245
2016-08-14,8.962391701743002
2016-08-15,9.124346658809207
2016-08-16,9.185022563991893
2016-08-17,9.200492035921368
2016-08-18,9.335650562941629
2016-08-19,9.15704507491796
2016-08-20,8.955190024526887
2016-08-21,9.041685005946043
2016-08-22,9.181735114965848
2016-08-23,9.244065241377804
2016-08-24,9.272469743441732
2016-08-25,9.25569607369698
2016-08-26,10.373272407852593
2016-08-27,9.052399183907607
2016-08-28,9.087720658428273
2016-08-29,9.232884336411077
2016-08-30,9.221675881639928
2016-08-31,9.26823185039196
2016-09-01,9.211040127090456
2016-09-02,9.143773127704069
2016-09-03,9.04085606398372
2016-09-04,9.10597935665144
2016-09-05,9.248695325852646
2016-09-06,9.278092474027002
2016-09-07,9.321523900936798
2016-09-08,9.362975618399776
2016-09-09,9.259987311865597
2016-09-10,9.14644164612595
2016-09-11,9.122492281402987
2016-09-12,9.366061246972958
2016-09-13,9.447150114054207
2016-09-14,9.4040963063958
2016-09-15,9.377548290960089
2016-09-16,9.382948236582498
2016-09-17,9.24763615671988
2016-09-18,9.270305953143616
2016-09-19,9.311361486034912
2016-09-20,9.343821763350663
2016-09-21,9.29330189269053
2016-09-22,9.350884616968491
2016-09-23,9.155461710466193
2016-09-24,9.21453157659465
2016-09-25,9.0918946167697
2016-09-26,9.322686431807721
2016-09-27,9.219300113347655
2016-09-28,9.184509611941662
2016-09-29,9.15957325492253
2016-09-30,9.20552881497896
2016-10-01,9.086929027060949
2016-10-02,9.089753408987065
2016-10-03,9.203114326884442
2016-10-04,9.304559047215164
2016-10-05,9.275003885301905
2016-10-06,9.221577003902171
2016-10-07,9.237371711027214
2016-10-08,9.014933575633572
2016-10-09,9.016876974763383
2016-10-10,9.148677711584076
2016-10-11,9.311090275076326
2016-10-12,9.360310898552477
2016-10-13,9.23834456838578
2016-10-14,9.204221690968005
2016-10-15,8.998136760700307
2016-10-16,9.06750872286864
2016-10-17,9.278839788400875
2016-10-18,9.272939513732704
2016-10-19,9.242517103671403
2016-10-20,9.148464968258095
2016-10-21,9.342771159156673
2016-10-22,8.979164648964709
2016-10-23,9.137877200242468
2016-10-24,9.295692039075686
2016-10-25,9.345308232386667
2016-10-26,9.222466551774023
2016-10-27,9.22197245620589
2016-10-28,9.679843876180236
2016-10-29,9.411238314343073
2016-10-30,9.222367752188902
2016-10-31,9.54781210893048
2016-11-01,9.402942238177694
2016-11-02,9.419466131522189
2016-11-03,9.360138737064577
2016-11-04,9.28961355287069
2016-11-05,9.528357644224037
2016-11-06,9.439784035838873
2016-11-07,9.516795129751248
2016-11-08,9.529084969879781
2016-11-09,9.611395771595648
2016-11-10,9.522666275340724
2016-11-11,9.368283850042138
2016-11-12,9.257987025443535
2016-11-13,9.343471684579365
2016-11-14,10.066753702794923
2016-11-15,9.52617248784431
2016-11-16,9.587337416104821
2016-11-17,9.50390510758612
2016-11-18,9.432923766431829
2016-11-19,9.25253742067597
2016-11-20,9.4097648366698
2016-11-21,9.483340185641822
2016-11-22,9.518339645190858
2016-11-23,9.46397433028839
2016-11-24,9.534233826390535
2016-11-25,9.386727689281946
2016-11-26,9.207436158828793
2016-11-27,9.323311850635344
2016-11-28,9.573593631275038
2016-11-29,9.732639917815801
2016-11-30,9.588845298501564
2016-12-01,9.497472293122483
2016-12-02,9.546955455537143
2016-12-03,9.214232786691527
2016-12-04,9.24483841238375
2016-12-05,9.427948631791715
2016-12-06,9.503606822721864
2016-12-07,9.4501443641835
2016-12-08,9.463586267106836
2016-12-09,9.341982481027898
2016-12-10,9.246093541682
2016-12-11,9.235423152343646
2016-12-12,9.418492105471156
2016-12-13,9.542661146046344
2016-12-14,9.50599061407714
2016-12-15,9.4535218170269
2016-12-16,9.408125088823502
2016-12-17,9.2393164802127
2016-12-18,9.271905727634337
2016-12-19,9.529084969879781
2016-12-20,9.500544261971474
2016-12-21,9.546598299920646
2016-12-22,9.635281256585003
2016-12-23,9.673508190212637
2016-12-24,9.479603858903946
2016-12-25,9.409109260148737
2016-12-26,9.569970943740548
2016-12-27,9.645687854566217
2016-12-28,9.701248961901815
2016-12-29,9.794788135612787
2016-12-30,9.804550804676104
2016-12-31,9.36426245424844
2017-01-01,9.299541017434485
2017-01-02,10.133209419210461
2017-01-03,10.253510420394482
2017-01-04,10.142976782386423
2017-01-05,10.238637486729267
2017-01-06,10.120210536047415
2017-01-07,9.892224360257417
2017-01-08,9.835636885627954
2017-01-09,9.919656133697712
2017-01-10,9.834244649793968
2017-01-11,9.904187307650401
2017-01-12,9.941168619503816
2017-01-13,9.835369298459838
2017-01-14,9.755277525370941
2017-01-15,9.554213724077707
2017-01-16,9.665674427237482
2017-01-17,9.811427086686914
2017-01-18,9.745839095947058
2017-01-19,9.745839095947058
2017-01-20,9.528939547062684
2017-01-21,9.377294451639015
2017-01-22,9.447938944259977
2017-01-23,9.705463352014883
2017-01-24,9.624699147254466
2017-01-25,9.551018039079908
2017-01-26,9.537195079502435
2017-01-27,9.519955154427514
2017-01-28,9.574427775630369
2017-01-29,9.499870735285581
2017-01-30,9.705463352014883
2017-01-31,9.64342064711732
2017-02-01,9.634038248345407
2017-02-02,9.650850821827147
2017-02-03,9.606562898717415
2017-02-04,9.445412494155667
2017-02-05,9.529448434427817
2017-02-06,9.619066822786719
2017-02-07,9.655282570626547
2017-02-08,9.635738817791797
2017-02-09,9.640237896224932
2017-02-10,9.54781210893048
2017-02-11,9.350450079960828
2017-02-12,9.441769502877165
2017-02-13,9.585758558732051
2017-02-14,9.517163087955348
2017-02-15,9.571992907127694
2017-02-16,9.609452006112171
2017-02-17,9.689922976002242
2017-02-18,9.589940513889292
2017-02-19,9.428109506952937
2017-02-20,9.558811758564227
2017-02-21,9.681530796701484
2017-02-22,9.64523482410835
2017-02-23,9.685642439673126
2017-02-24,9.79406323525484
2017-02-25,9.899479531138589
2017-02-26,9.821138019519102
2017-02-27,9.754581429281577
2017-02-28,9.807692255081262
2017-03-01,9.9122490582047
2017-03-02,9.976830946760337
2017-03-03,10.696638426567144
2017-03-04,10.313840694717069
2017-03-05,9.96571089571626
2017-03-06,10.047024967532325
2017-03-07,9.885832617297407
2017-03-08,9.793505261799899
2017-03-09,9.796013694230895
2017-03-10,9.980309695137413
2017-03-11,9.818419740146064
2017-03-12,9.710509415553645
2017-03-13,9.866616077760224
2017-03-14,10.003559106260344
2017-03-15,9.91056246620809
2017-03-16,9.880935148065616
2017-03-17,9.814984153944724
2017-03-18,9.775028985632325
2017-03-19,9.73996812270477
2017-03-20,9.933434628904081
2017-03-21,9.855242239908133
2017-03-22,9.76927021041632
2017-03-23,9.737019659665341
2017-03-24,9.644975857384127
2017-03-25,9.482654967296842
2017-03-26,9.597369917928662
2017-03-27,9.667068774021889
2017-03-28,9.70716848609832
2017-03-29,9.680718930926991
2017-03-30,9.696955267027116
2017-03-31,9.626943224494804
2017-04-01,9.525661930231381
2017-04-02,9.509407389294527
2017-04-03,9.749578510178852
2017-04-04,9.740380214665977
2017-04-05,9.665801266405587
2017-04-06,9.651751606857816
2017-04-07,9.641733102094262
2017-04-08,9.48978863950086
2017-04-09,9.449750895754265
2017-04-10,9.651108271786734
2017-04-11,9.872306435052554
2017-04-12,9.701616136497458
2017-04-13,9.697078200213083
2017-04-14,9.567385247481795
2017-04-15,9.375515769935166
2017-04-16,9.470625553571013
2017-04-17,9.985850642961251
2017-04-18,10.172903816181016
2017-04-19,9.817984128922188
2017-04-20,9.752083098376895
2017-04-21,9.725795264125836
2017-04-22,9.493110400066943
2017-04-23,9.54445268330577
2017-04-24,9.85890850913816
2017-04-25,9.857234168018666
2017-04-26,9.758172721371269
2017-04-27,9.768583790071327
2017-04-28,9.69590972432601
2017-04-29,9.483568487457813
2017-04-30,9.817657295930935
2017-05-01,9.768812649209526
2017-05-02,9.917538375758788
2017-05-03,9.918720933176717
2017-05-04,10.048712804688908
2017-05-05,9.922799863568502
2017-05-06,9.93967482329784
2017-05-07,9.946499148129375
2017-05-08,10.067050936401493
2017-05-09,10.244129654600282
2017-05-10,10.26144167797324
2017-05-11,10.28332711300532
2017-05-12,10.683706524927356
2017-05-13,10.859998497896648
2017-05-14,10.764138716539604
2017-05-15,11.52069520223459
2017-05-16,11.495270529731508
2017-05-17,11.134034125797095
2017-05-18,10.877027805210977
2017-05-19,10.715772406372029
2017-05-20,10.553257393126504
2017-05-21,10.522126680921012
2017-05-22,11.304387234795035
2017-05-23,11.373364502397276
2017-05-24,11.294284262853436
2017-05-25,11.340273011369838
2017-05-26,11.15695027614577
2017-05-27,10.769368809865203
2017-05-28,10.542336929688224
2017-05-29,10.644519725816647
2017-05-30,10.65143063618168
2017-05-31,10.625027807597291
2017-06-01,10.555682521764643
2017-06-02,10.434351070038627
2017-06-03,10.360944044643913
2017-06-04,10.263118124300494
2017-06-05,10.486764061960361
2017-06-06,10.701287498357663
2017-06-07,10.66005544221451
2017-06-08,10.448192727735796
2017-06-09,10.401592611892738
2017-06-10,10.289701881052155
2017-06-11,10.443541826962248
2017-06-12,10.728386417979852
2017-06-13,10.657306412628806
2017-06-14,10.543655808305187
2017-06-15,10.517239732281821
2017-06-16,10.478132689015073
2017-06-17,10.271181562957294
2017-06-18,10.27125079346028
2017-06-19,10.400346089073503
2017-06-20,10.521264426071296
2017-06-21,10.620009404412524
2017-06-22,10.56369823284981
2017-06-23,10.410425629574926
2017-06-24,10.328428437144948
2017-06-25,10.234911352935114
2017-06-26,10.405474227634915
2017-06-27,10.690033997354623
2017-06-28,10.908320156261581
2017-06-29,10.645496323286036
2017-06-30,10.398366704472432
2017-07-01,10.236847809109337
2017-07-02,10.311914935439406
2017-07-03,10.370988051563746
2017-07-04,10.408918651984811
2017-07-05,10.422281345951296
2017-07-06,10.444502847465177
2017-07-07,10.348077215328342
2017-07-08,10.196754003281809
2017-07-09,10.309419218455934
2017-07-10,10.423649457279106
2017-07-11,10.49107975408703
2017-07-12,10.453456963419745
2017-07-13,10.49096861519108
2017-07-14,10.342065012094494
2017-07-15,10.145727599541326
2017-07-16,10.167158655026405
2017-07-17,10.348013104544886
2017-07-18,10.494103544448407
2017-07-19,10.529506194089404
2017-07-20,10.58701359805202
2017-07-21,10.401835654791006
2017-07-22,10.26339725898479
2017-07-23,10.443920521054777
2017-07-24,10.475934947858288
2017-07-25,10.422876406962606
2017-07-26,10.428363999524779
2017-07-27,10.436289909105488
2017-07-28,10.305145422301338
2017-07-29,10.17861615891629
2017-07-30,10.588123616077645
2017-07-31,10.330257427138122
2017-08-01,11.000047737078107
2017-08-02,11.347366625506945
2017-08-03,10.536937805837946
2017-08-04,10.312579409366641
2017-08-05,10.355390854750077
2017-08-06,10.361892931354786
2017-08-07,10.63226728572478
2017-08-08,10.812330619275127
2017-08-09,10.701039792450864
2017-08-10,10.652164042888554
2017-08-11,10.581064138105116
2017-08-12,10.482597797038709
2017-08-13,10.720951930103388
2017-08-14,11.036887666689902
2017-08-15,10.950508256718583
2017-08-16,10.819738283610262
2017-08-17,10.757221797744021
2017-08-18,10.733392166450933
2017-08-19,10.639167263814777
2017-08-20,10.661415412410987
2017-08-21,10.728977920083787
2017-08-22,10.826714175411395
2017-08-23,10.795137170493833
2017-08-24,10.739955552540295
2017-08-25,10.665997536149904
2017-08-26,10.548468124475464
2017-08-27,10.478836072317618
2017-08-28,10.597908920973804
2017-08-29,10.690625861516315
2017-08-30,10.743393876988973
2017-08-31,10.822654145155747
2017-09-01,10.745291779083457
2017-09-02,10.637968596589051
2017-09-03,10.636047735452909
2017-09-04,10.820238178642716
2017-09-05,10.82480562612431
2017-09-06,10.803730199988676
2017-09-07,10.80442096208924
2017-09-08,10.610586946714077
2017-09-09,10.488102526272613
2017-09-10,10.476357965673646
2017-09-11,10.580022511040418
2017-09-12,10.719891648587698
2017-09-13,11.02557219738938
2017-09-14,10.946921818036719
2017-09-15,10.928094427893742
2017-09-16,10.695846383167021
2017-09-17,10.659421721194839
2017-09-18,10.855724411183752
2017-09-19,10.79890188082263
2017-09-20,10.68400437923298
2017-09-21,10.595834412925305
2017-09-22,10.503888762894483
2017-09-23,10.264652401747712
2017-09-24,10.315530976004416
2017-09-25,10.452793230619966
2017-09-26,10.490468337248462
2017-09-27,10.530655174162098
2017-09-28,10.462674677179997
2017-09-29,10.412170883230086
2017-09-30,10.240709508047887
2017-10-01,10.327054496008275
2017-10-02,10.454955954764136
2017-10-03,10.491801855990317
2017-10-04,10.544683327463973
2017-10-05,10.477287975463508
2017-10-06,10.398427667071894
2017-10-07,10.279283518982245
2017-10-08,10.33912616065184
2017-10-09,10.508459042192348
2017-10-10,10.553988158374601
2017-10-11,10.623860719349665
2017-10-12,10.952752021573898
2017-10-13,11.098893768195937
2017-10-14,10.820038250616141
2017-10-15,10.748754781156906
2017-10-16,10.876234229354498
2017-10-17,10.794911656680155
2017-10-18,10.701737715595081
2017-10-19,10.688461580408601
2017-10-20,10.826058522367434
2017-10-21,10.891670947434848
2017-10-22,10.80616605699042
2017-10-23,10.96823277169266
2017-10-24,10.918899375278091
2017-10-25,10.856052352774507
2017-10-26,10.81817700304331
2017-10-27,10.747981485590598
2017-10-28,10.56035967723136
2017-10-29,10.658294113482802
2017-10-30,10.874664117894554
2017-10-31,10.98751060056093
2017-11-01,11.137213315011412
2017-11-02,11.410128327715562
2017-11-03,11.255707933322267
2017-11-04,11.004047942422254
2017-11-05,10.970918723720663
2017-11-06,11.069758489678053
2017-11-07,11.082157933374816
2017-11-08,11.137213315011412
2017-11-09,11.118682156284102
2017-11-10,11.111776030929667
2017-11-11,10.893957682584535
2017-11-12,10.960947931156728
2017-11-13,11.127145330178463
2017-11-14,11.04828343661983
2017-11-15,10.9686636984504
2017-11-16,11.013138688319454
2017-11-17,11.219815354002847
2017-11-18,10.990381448250039
2017-11-19,10.911062187812915
2017-11-20,11.182391561495495
2017-11-21,11.236143766986736
2017-11-22,11.110505715048024
2017-11-23,11.019071668177626
2017-11-24,10.960426790193678
2017-11-25,10.932070718708905
2017-11-26,11.287892630083212
2017-11-27,11.902843677297067
2017-11-28,12.048377357662483
2017-11-29,12.621570589338713
2017-11-30,12.422368806886938
2017-12-01,12.172143507267089
2017-12-02,11.790057076526825
2017-12-03,11.762594095223793
2017-12-04,12.171222368094428
2017-12-05,12.149819703979375
2017-12-06,12.262604196265828
2017-12-07,12.842578043479154
2017-12-08,12.875608253964888
2017-12-09,12.421893450864532
2017-12-10,12.295575083915095
2017-12-11,12.541319131225569
2017-12-12,12.528460446220969
2017-12-13,12.413180306478987
2017-12-14,12.226424141778072
2017-12-15,11.994678548250262
2017-12-16,11.898017783270456
2017-12-17,11.938036325325227
2017-12-18,12.049231683470028
2017-12-19,12.156146836760447
2017-12-20,12.210582461008002
2017-12-21,12.06301603168058
2017-12-22,12.219398461138088
2017-12-23,12.06984046620526
2017-12-24,11.786822965251393
2017-12-25,11.818238691127952
2017-12-26,11.921771517904508
2017-12-27,11.722367578819465
2017-12-28,11.660414001923936
2017-12-29,11.660888469127745
2017-12-30,11.58135017508407
2017-12-31,11.349888754388138
2018-01-01,11.319838164964791
2018-01-02,11.622506063538962
2018-01-03,11.691456513522866
2018-01-04,11.677320633230728
2018-01-05,11.603241375968159
2018-01-06,11.56867232748463
2018-01-07,11.575787581726855
2018-01-08,11.66822691098345
2018-01-09,11.715082328264954
2018-01-10,11.807093955056784
2018-01-11,11.709297844986843
2018-01-12,11.584864658451313
2018-01-13,11.461979478685288
2018-01-14,11.341994785102953
2018-01-15,11.462884018273236
2018-01-16,11.572420036755869
2018-01-17,11.69684574312788
2018-01-18,11.487894795244982
2018-01-19,11.29744001539784
2018-01-20,11.143657272173883
2018-01-21,11.075009476591555
2018-01-22,11.204428252804528
2018-01-23,11.132835663193292
2018-01-24,11.171293942090692
2018-01-25,11.19592442818016
2018-01-26,11.019923387227362
2018-01-27,10.9073861501318
2018-01-28,10.916251424078201
2018-01-29,10.988372720584238
2018-01-30,10.930371087745765
2018-01-31,11.006241253704788
2018-02-01,11.094040714902595
2018-02-02,11.162360389143696
2018-02-03,10.951385326659736
2018-02-04,10.92081747658455
2018-02-05,11.17701906823143
2018-02-06,11.228052775836298
2018-02-07,10.968577527953402
2018-02-08,10.911390726912023
2018-02-09,10.891149658349637
2018-02-10,10.704950876579533
2018-02-11,10.70090465427187
2018-02-12,10.951928723957874
2018-02-13,10.834883622185886
2018-02-14,10.76004951120163
2018-02-15,10.869425224299697
2018-02-16,10.63875987814672
2018-02-17,10.527070269710164
2018-02-18,10.490357130375763
2018-02-19,10.537972247530657
2018-02-20,10.85346447956508
2018-02-21,10.528864328377763
2018-02-22,10.489494857538169
2018-02-23,10.312512981839049
2018-02-24,10.211339831777291
2018-02-25,10.413763024996637
2018-02-26,10.512600737486064
2018-02-27,10.643923771139239
2018-02-28,10.474015019548162
2018-03-01,10.273636315516725
2018-03-02,10.5623537991192
2018-03-03,10.128868598790529
2018-03-04,10.13118073854891
2018-03-05,10.219246747559799
2018-03-06,10.606857304116247
2018-03-07,10.46458795217574
2018-03-08,10.194775615581893
2018-03-09,10.170380010780352
2018-03-10,10.005999013489205
2018-03-11,10.206181382608348
2018-03-12,10.366309203003638
2018-03-13,10.365805472237076
2018-03-14,10.35236330172604
2018-03-15,10.30925261565329
2018-03-16,10.175954459181428
2018-03-17,10.008973060382106
2018-03-18,10.208321683805474
2018-03-19,10.718299115460429
2018-03-20,10.48960616033755
2018-03-21,10.572393268723038
2018-03-22,10.901284535965422
2018-03-23,10.425164091606355
2018-03-24,10.114194083746655
2018-03-25,9.8412397390566
2018-03-26,10.43046207804149
2018-03-27,10.322066299789675
2018-03-28,10.473506185614923
2018-03-29,10.161921024628786
2018-03-30,10.177210143218492
2018-03-31,9.841771710555475
2018-04-01,9.954940834125043
2018-04-02,10.26976128039413
2018-04-03,10.2574839122691
2018-04-04,10.275602680962738
2018-04-05,10.326465085728923
2018-04-06,10.201033318424798
2018-04-07,10.324530690607611
2018-04-08,10.12482948190371
2018-04-09,10.042858113983936
2018-04-10,10.246970868288411
2018-04-11,10.027164297229726
2018-04-12,10.281238822076777
2018-04-13,10.012252267327517
2018-04-14,9.79406323525484
2018-04-15,9.820975130961664
2018-04-16,10.137333626983473
2018-04-17,10.202295007771328
2018-04-18,10.127230923922305
2018-04-19,10.049058675855347
2018-04-20,10.01207286294957
2018-04-21,10.005096038124226
2018-04-22,10.229332086082257
2018-04-23,10.530548347968214
2018-04-24,10.342741983800368
2018-04-25,10.309385900115851
2018-04-26,10.258956769878603
2018-04-27,9.883437894730424
2018-04-28,9.677652883410428
2018-04-29,9.724480496710003
2018-04-30,9.887561401985868
2018-05-01,9.871274230171476
2018-05-02,9.910463166272553
2018-05-03,9.855819258834627
2018-05-04,9.888779923663854
2018-05-05,9.752257603219848
2018-05-06,9.811427086686914
2018-05-07,10.05496322915898
2018-05-08,10.150816270638693
2018-05-09,10.023534689845578
2018-05-10,10.100246059905626
2018-05-11,9.942948621417042
2018-05-12,9.798626911919953
2018-05-13,9.763650607348328
2018-05-14,9.93003210775824
2018-05-15,9.953039331365376
2018-05-16,9.919557732713622
2018-05-17,9.951896691743816
2018-05-18,10.110095135210239
2018-05-19,9.88730735630709
2018-05-20,9.897268252722212
2018-05-21,10.19802109993701
2018-05-22,9.942948621417042
2018-05-23,9.996704634247262
2018-05-24,9.891566781640435
2018-05-25,9.834458966125691
2018-05-26,9.588571307130579
2018-05-27,10.20791611646652
2018-05-28,9.810000709442663
2018-05-29,9.823524008395744
2018-05-30,9.840973647146885
2018-05-31,10.11297832739655
2018-06-01,9.652587324176876
2018-06-02,9.49461665129313
2018-06-03,9.886951583896028
2018-06-04,10.123586473664112
2018-06-05,10.334555428023798
2018-06-06,10.676185011854082
2018-06-07,10.528570002181944
2018-06-08,10.353671054332557
2018-06-09,10.138362026726037
2018-06-10,10.199323789243778
2018-06-11,10.314570186094999
2018-06-12,10.188779270365272
2018-06-13,10.126070946991774
2018-06-14,9.954608332043842
2018-06-15,9.780019638535883
2018-06-16,9.621522440413576
2018-06-17,9.949368727792317
2018-06-18,10.10467175249591
2018-06-19,9.918917890191485
2018-06-20,10.370392636243981
2018-06-21,9.934840860194123
2018-06-22,9.790990521308983
2018-06-23,9.6302999262348
2018-06-24,9.98759889515478
2018-06-25,10.028621283292894
2018-06-26,10.027782671807735
2018-06-27,10.037712454627359
2018-06-28,10.083431284544119
2018-06-29,9.845116639209799
2018-06-30,9.81054955687686
2018-07-01,9.868637275100381
2018-07-02,9.95227771670556
2018-07-03,9.831776704982127
2018-07-04,9.833976689772
2018-07-05,10.008072767726203
2018-07-06,9.7990710356157
2018-07-07,9.417191926513414
2018-07-08,9.488350824731233
2018-07-09,9.660906307329443
2018-07-10,9.992733930050322
2018-07-11,9.714986944665458
2018-07-12,9.676712414987868
2018-07-13,9.801011760946892
2018-07-14,9.696955267027116
2018-07-15,9.704792681624228
2018-07-16,9.77406200509567
2018-07-17,9.767324127723256
2018-07-18,9.829733363947467
2018-07-19,9.77820773610937
2018-07-20,9.773549695421735
2018-07-21,9.71063069382679
2018-07-22,9.640628165515693
2018-07-23,9.838735675306431
2018-07-24,9.815257251141714
2018-07-25,9.905335843393745
2018-07-26,9.795846661018736
2018-07-27,9.866200967750112
2018-07-28,9.723822464203383
2018-07-29,9.861153999520049
2018-07-30,9.830486659651637
2018-07-31,9.859117604800188
2018-08-01,9.80730699406216
2018-08-02,9.767553275295295
2018-08-03,9.863498544319764
2018-08-04,9.612667227583843
2018-08-05,9.647627092407303
2018-08-06,9.972033657571142
2018-08-07,10.008342940638508
2018-08-08,9.791717651693117
2018-08-09,9.653614941479894
2018-08-10,9.787290758133617
2018-08-11,9.552297538827965
2018-08-12,9.675268643355135
2018-08-13,9.85466488783856
2018-08-14,9.862405107434897
2018-08-15,9.887561401985868
2018-08-16,9.84575250188489
2018-08-17,9.749286871458828
2018-08-18,9.71153981234754
2018-08-19,9.741145078057485
2018-08-20,9.800235922725653
2018-08-21,9.845911404398532
2018-08-22,9.888881400146765
2018-08-23,9.808847148382007
2018-08-24,9.825958350026891
2018-08-25,9.69523261371567
2018-08-26,9.663833449094929
2018-08-27,9.894850359140465
2018-08-28,9.870344333942874
2018-08-29,9.925591451443054
2018-08-30,9.948747683940992
2018-08-31,9.823903073193286
2018-09-01,9.678341998551245
2018-09-02,9.786785182749986
2018-09-03,9.874573542371486
2018-09-04,9.872925246953487
2018-09-05,9.882417121916836
2018-09-06,9.862561385923483
2018-09-07,9.87194528452625
2018-09-08,9.668461179310146
2018-09-09,9.726810038127258
2018-09-10,9.908375586608903
2018-09-11,9.709720748057432
2018-09-12,9.743318800383307
2018-09-13,9.758403975346978
2018-09-14,9.73554216168668
2018-09-15,9.663960521971394
2018-09-16,9.725795264125836
2018-09-17,10.175040243058024
2018-09-18,9.96988372217581
2018-09-19,9.852352140421358
2018-09-20,9.831131890343988
2018-09-21,9.806150319647172
2018-09-22,9.679343500888335
2018-09-23,9.792332503169966
2018-09-24,9.977063240194447
2018-09-25,9.870344333942874
2018-09-26,9.743025330095067
2018-09-27,9.70747266861017
2018-09-28,9.587406005562649
2018-09-29,9.533944453604027
2018-09-30,9.514953305087944
2018-10-01,9.585689856179723
2018-10-02,9.629774129311743
2018-10-03,9.577895907011127
2018-10-04,9.561419689557756
2018-10-05,9.475163150281881
2018-10-06,9.335826992017598
2018-10-07,9.332469505209247
2018-10-08,9.641668139610074
2018-10-09,9.831669264745656
2018-10-10,9.587817443544179
2018-10-11,9.565143565282119
2018-10-12,9.498897061838624
2018-10-13,9.33467964623179
2018-10-14,9.392661928770137
2018-10-15,9.63521587360417
2018-10-16,9.588365764325566
2018-10-17,9.53336545669996
2018-10-18,9.559023465985362
2018-10-19,9.5926733160273
2018-10-20,9.416297071867572
2018-10-21,9.40713994795079
2018-10-22,9.770470313426317
2018-10-23,9.630168502920114
2018-10-24,9.635608107380527
2018-10-25,9.585552436913327
2018-10-26,9.55393007636626
2018-10-27,9.308102089758679
2018-10-28,9.384545748167879
2018-10-29,9.591649390206587
2018-10-30,9.695848187757884
2018-10-31,9.74425732696557
2018-11-01,9.75504554717585
2018-11-02,9.716374535006043
2018-11-03,9.504352368122833
2018-11-04,9.469159899742863
2018-11-05,9.569342605674006
2018-11-06,9.598455841749233
2018-11-07,9.519735011333614
2018-11-08,9.726511682066926
2018-11-09,9.735719576749684
2018-11-10,9.472781556562168
2018-11-11,9.738200088297953
2018-11-12,9.66459564425378
2018-11-13,9.665737848832556
2018-11-14,9.642122788401721
2018-11-15,9.710994440420677
2018-11-16,9.596690616224665
2018-11-17,9.46583494017472
2018-11-18,9.46792399660393
2018-11-19,9.789030230558303
2018-11-20,9.7997368515422
2018-11-21,9.75359446296151
2018-11-22,9.665293813175541
2018-11-23,9.596146842421163
2018-11-24,9.515911477263703
2018-11-25,9.588091641516831
2018-11-26,9.827470066112213
2018-11-27,9.829948649201258
2018-11-28,9.730977703126166
2018-11-29,9.725914702764378
2018-11-30,9.91006586789625
2018-12-01,9.50039462857302
2018-12-02,9.546669741249485
2018-12-03,9.71057005652877
2018-12-04,9.750569446111415
2018-12-05,9.68483390649477
2018-12-06,9.667955074409104
2018-12-07,9.65059330557001
2018-12-08,9.468696615046134
2018-12-09,9.474856166396124
2018-12-10,9.64646400103814
2018-12-11,9.571992907127694
2018-12-12,9.57045937831747
2018-12-13,9.700452954144632
2018-12-14,9.73778709675841
2018-12-15,9.316860215353856
2018-12-16,9.392911897525345
2018-12-17,9.661479683575521
2018-12-18,9.553788222333822
2018-12-19,9.50383054471094
2018-12-20,9.436918020024674
2018-12-21,9.383705270727246
2018-12-22,9.334414687078109
2018-12-23,9.332646496360152
2018-12-24,9.39182824802156
2018-12-25,9.348361669873558
2018-12-26,9.519955154427514
2018-12-27,9.602787783003043
2018-12-28,9.548168831368535
2018-12-29,9.580868910203451
2018-12-30,9.361859019615093
2018-12-31,9.415971471539095
2019-01-01,9.412382853382338
2019-01-02,9.582455500402792
2019-01-03,10.125990898962915
2019-01-04,9.666688690398917
2019-01-05,9.479603858903946
2019-01-06,9.505469645063013
2019-01-07,9.616671771412305
2019-01-08,9.601909374892236
2019-01-09,9.682030078993575
2019-01-10,9.652458797732383
2019-01-11,9.599743846536997
2019-01-12,9.455167134121535
2019-01-13,9.50688307286016
2019-01-14,9.515248225093032
2019-01-15,9.520028524690579
2019-01-16,9.414097209490203
2019-01-17,9.393078508655353
2019-01-18,9.457590998633625
2019-01-19,9.149740749847252
2019-01-20,9.178643285232928
2019-01-21,9.377463685012241
2019-01-22,9.349667437197281
2019-01-23,9.351145248567203
2019-01-24,9.468387639298273
2019-01-25,9.428591977209965
2019-01-26,9.261318616740812
2019-01-27,9.290721483922995
2019-01-28,9.408699306467762
2019-01-29,9.424160595829509
2019-01-30,9.47669665771321
2019-01-31,9.418248450647615
2019-02-01,9.415075523607037
2019-02-02,9.266815218904162
2019-02-03,9.310547632393208
2019-02-04,9.555913922843741
2019-02-05,10.041291056683322
2019-02-06,9.825309771472105
2019-02-07,9.694616660508636
2019-02-08,9.461021266283481
2019-02-09,9.314249835366695
2019-02-10,9.305741456739435
2019-02-11,9.51951481976606
2019-02-12,9.493185766536437
2019-02-13,9.448727152703086
2019-02-14,9.398395460617898
2019-02-15,9.363662136919832
2019-02-16,9.28702359674714
2019-02-17,9.487441664883777
2019-02-18,9.465137617092187
2019-02-19,9.533582619826515
2019-02-20,9.51569044208137
2019-02-21,9.509555680241636
2019-02-22,9.454462329675584
2019-02-23,9.337325383730672
2019-02-24,9.48562086171022
2019-02-25,9.479527461791719
2019-02-26,9.481511892300974
2019-02-27,9.45657525451379
2019-02-28,9.531771484474337
2019-03-01,9.415564321987441
2019-03-02,9.358932776026009
2019-03-03,9.341894811716484
2019-03-04,9.499196754655733
2019-03-05,9.544810605926722
2019-03-06,9.525953709356655
2019-03-07,9.489637387893524
2019-03-08,9.345745008982385
2019-03-09,9.218804450388312
2019-03-10,9.287301413112312
2019-03-11,9.40738632416852
2019-03-12,9.423595190540022
2019-03-13,9.422706050118514
2019-03-14,9.371948887172596
2019-03-15,9.289705927356923
2019-03-16,9.197457746145169
2019-03-17,9.240869577011006
2019-03-18,9.38429367909962
2019-03-19,9.38328476695754
2019-03-20,9.293577970546238
2019-03-21,9.278279354984376
2019-03-22,9.234154550075438
2019-03-23,9.088285725968877
2019-03-24,9.089414904047302
2019-03-25,9.265301930050157
2019-03-26,9.315690887584008
2019-03-27,9.35296777022594
2019-03-28,9.258273025731485
2019-03-29,9.200492035921368
2019-03-30,9.118553976345474
2019-03-31,9.19238004659919
2019-04-01,9.37695589894852
2019-04-02,9.693321922512176
2019-04-03,9.793281985215103
2019-04-04,9.56198267338684
2019-04-05,9.370757093382087
2019-04-06,9.246768728589734
2019-04-07,9.248695325852646
2019-04-08,9.4776156346503
2019-04-09,9.548382803766913
2019-04-10,9.55867059537935
2019-04-11,9.399140894867847
2019-04-12,9.328656598794225
2019-04-13,9.193295937366925
2019-04-14,9.12063445889169
2019-04-15,9.356948391612272
2019-04-16,9.27977314669152
2019-04-17,9.290998274993637
2019-04-18,9.27556615689389
2019-04-19,9.297343415597757
2019-04-20,9.218804450388312
2019-04-21,9.284334051884509
2019-04-22,9.314880551250107
2019-04-23,9.33353098253138
2019-04-24,9.359191318708538
2019-04-25,9.25674674479034
2019-04-26,9.263975921142093
2019-04-27,9.142917695658749
2019-04-28,9.132486932771318
2019-04-29,9.368369236201092
2019-04-30,9.344958673700944
2019-05-01,9.302554855963994
2019-05-02,9.515911477263703
2019-05-03,9.356343666096025
2019-05-04,9.21453157659465
2019-05-05,9.128370809108931
2019-05-06,9.3048320350689
2019-05-07,9.338557669776936
2019-05-08,9.395657437749936
2019-05-09,9.414178772232386
2019-05-10,9.272657678041044
2019-05-11,9.144307401371744
2019-05-12,9.2314166975781
2019-05-13,9.398561160701128
2019-05-14,9.559517275737559
2019-05-15,9.48189306249808
2019-05-16,9.456418894572888
2019-05-17,9.525734882994499
2019-05-18,9.145375093123823
2019-05-19,9.52507811645139
2019-05-20,9.586445324777861
2019-05-21,9.452894316810216
2019-05-22,9.430920640887228
2019-05-23,9.345745008982385
2019-05-24,9.365376374075716
2019-05-25,9.19370273082316
2019-05-26,9.346617990268731
2019-05-27,9.621456151593161
2019-05-28,9.625029474611878
2019-05-29,9.613202094214232
2019-05-30,9.554780778246572
2019-05-31,9.311722986264785
2019-06-01,9.165447603085447
2019-06-02,9.063694791634697
2019-06-03,9.275847174178303
2019-06-04,9.316770315592029
2019-06-05,9.218506934642576
2019-06-06,9.194820560318146
2019-06-07,9.295600215927006
2019-06-08,9.171599543659752
2019-06-09,9.060331104649475
2019-06-10,9.261698664251325
2019-06-11,9.36228862824824
2019-06-12,9.286745703178589
2019-06-13,9.309099143999447
2019-06-14,9.271153211372695
2019-06-15,9.199380531739841
2019-06-16,9.348361669873558
2019-06-17,9.476849879195163
2019-06-18,9.903787507545125
2019-06-19,9.816894269951032
2019-06-20,9.644781588320864
2019-06-21,9.493261127326253
2019-06-22,9.608646582885868
2019-06-23,9.567944883732848
2019-06-24,9.670861685832426
2019-06-25,9.676900579444158
2019-06-26,9.973666387157374
2019-06-27,9.805488761654026
2019-06-28,9.639326675125693
2019-06-29,9.296151028389293
2019-06-30,9.264733855806515
2019-07-01,9.434123718577732
2019-07-02,9.44643963445061
2019-07-03,9.57045937831747
2019-07-04,9.433403920090221
2019-07-05,9.409355151711798
2019-07-06,9.250041738827735
2019-07-07,9.292012520620208
2019-07-08,9.474625866621567
2019-07-09,9.510815266226716
2019-07-10,9.733944008101389
2019-07-11,9.582662261491093
2019-07-12,9.594990340370426
2019-07-13,9.327589932026422
2019-07-14,9.340227632810604
2019-07-15,9.46242117318499
2019-07-16,9.521641310026597
2019-07-17,9.518780497512473
2019-07-18,9.507997527450042
2019-07-19,9.437714959818209
2019-07-20,9.188708071849069
2019-07-21,9.21542741102474
2019-07-22,9.36263218231844
2019-07-23,9.484937204879309
2019-07-24,9.419141561574516
2019-07-25,9.37906997525067
2019-07-26,9.275378768155404
2019-07-27,9.31271643859305
2019-07-28,9.157361447185297
2019-07-29,9.442166123673227
2019-07-30,9.460009002229748
2019-07-31,9.286653054825347
2019-08-01,9.3803362790795
2019-08-02,9.394327208089198
2019-08-03,9.136801468641313
2019-08-04,9.097731427593528
2019-08-05,9.406318255217624
2019-08-06,9.372544251851037
2019-08-07,9.38328476695754
2019-08-08,9.293393927111468
2019-08-09,9.226213721132472
2019-08-10,9.100078977718645
2019-08-11,9.110299017795956
2019-08-12,9.253591413970497
2019-08-13,9.288319413292772
2019-08-14,9.262932822095353
2019-08-15,9.192278229157774
2019-08-16,9.206834232646894
2019-08-17,9.081483749851179
2019-08-18,9.130539301772627
2019-08-19,9.371948887172596
2019-08-20,9.366146823114383
2019-08-21,9.315510869581722
2019-08-22,9.282102738203074
2019-08-23,9.251002353695073
2019-08-24,9.013838751608395
2019-08-25,9.106090350602384
2019-08-26,9.333796175903101
2019-08-27,9.278559610953327
2019-08-28,9.38328476695754
2019-08-29,9.298259670014065
2019-08-30,9.180602553712227
2019-08-31,9.140347000155648
2019-09-01,9.141740280483926
2019-09-02,9.3031929889908
2019-09-03,9.341894811716484
2019-09-04,9.343734255146714
2019-09-05,9.254357257392957
2019-09-06,9.173053787190167
2019-09-07,9.088850474388472
2019-09-08,9.054855469135788
2019-09-09,9.288411907396338
2019-09-10,9.268703615273097
2019-09-11,9.274347501950475
2019-09-12,9.271717651651086
2019-09-13,9.417517129768314
2019-09-14,9.051813463747946
2019-09-15,9.073030421011577
2019-09-16,9.293853972204001
2019-09-17,9.291274989472182
2019-09-18,9.263786347681808
2019-09-19,9.3031929889908
2019-09-20,9.250426095515468
2019-09-21,9.039907859574642
2019-09-22,9.136586183387521
2019-09-23,9.330697868639916
2019-09-24,9.347838885161817
2019-09-25,9.3729692954244
2019-09-26,9.381010986029276
2019-09-27,9.329988334242078
2019-09-28,9.074176947163311
2019-09-29,9.114490046319348
2019-09-30,9.270682600982344
2019-10-01,9.292381082312392
2019-10-02,9.28609698437543
2019-10-03,9.299723933110869
2019-10-04,9.264354960282422
2019-10-05,9.208238163884312
2019-10-06,9.143880005275912
2019-10-07,9.236690147298965
2019-10-08,9.245224773829685
2019-10-09,9.269175157697076
2019-10-10,9.269646477873591
2019-10-11,9.218705288307811
2019-10-12,9.239510749275963
2019-10-13,9.21512888870798
2019-10-14,9.356775650205728
2019-10-15,9.348013177101256
2019-10-16,9.304194947447806
2019-10-17,9.350971501715929
2019-10-18,9.273409063443166
2019-10-19,9.064505023752638
2019-10-20,9.142917695658749
2019-10-21,9.29798488182823
2019-10-22,9.283683766200392
2019-10-23,9.550092936718967
2019-10-24,9.486455808056498
2019-10-25,9.259320994197804
2019-10-26,9.270964993792617
2019-10-27,9.211239967219019
2019-10-28,9.378478484253662
2019-10-29,9.423433587436891
2019-10-30,9.441928170073055
2019-10-31,9.37974553683691
2019-11-01,9.297435078827116
2019-11-02,9.2927495082169
2019-11-03,9.195531256322475
2019-11-04,9.446992273315185
2019-11-05,9.483872808823522
2019-11-06,9.627734050949622
2019-11-07,9.372714290960442
2019-11-08,9.338645632129106
2019-11-09,9.129780864117766
2019-11-10,9.10886120302633
2019-11-11,9.41041998369184
2019-11-12,9.463275708098129
2019-11-13,9.422786913742057
2019-11-14,9.36142922633904
2019-11-15,9.234545060673
2019-11-16,9.066123521215774
2019-11-17,9.104979856318357
2019-11-18,9.269834943761822
2019-11-19,9.296884973376368
2019-11-20,9.272187775302262
2019-11-21,9.255982729854884
2019-11-22,9.206432747145165
2019-11-23,9.038721338315364
2019-11-24,9.243871855184976
2019-11-25,9.426257878198653
2019-11-26,9.329899607033822
2019-11-27,9.355479137642421
2019-11-28,9.280519206597429
2019-11-29,9.341544057591527
2019-11-30,9.380673689458071
2019-12-01,9.194820560318146
2019-12-02,9.32375833901174
2019-12-03,9.348710041240954
2019-12-04,9.491299898667137
2019-12-05,9.387900611668426
2019-12-06,9.364090971782101
2019-12-07,9.175231194862615
2019-12-08,9.111072370317514
2019-12-09,9.2057297594185
2019-12-10,9.2621735206162
2019-12-11,9.29182818882245
2019-12-12,9.207636720401869
2019-12-13,9.140775908590273
2019-12-14,9.038958755220563
2019-12-15,9.032528630660057
2019-12-16,9.267193183568965
2019-12-17,9.296884973376368
2019-12-18,9.484253080341965
2019-12-19,9.09133158539398
2019-12-20,9.062536177207788
2019-12-21,8.861633597686627
2019-12-22,8.958540111412168
2019-12-23,9.142489705068009
2019-12-24,9.552510629712033
2019-12-25,9.952896572793671
2019-12-26,9.633186877915122
2019-12-27,9.418735700941484
2019-12-28,9.158731238242952
2019-12-29,9.084323531392696
2019-12-30,9.488502271043805
2019-12-31,9.781263419790754
2020-01-01,9.803225130597733
2020-01-02,9.874058741845316
2020-01-03,10.037625011465359
2020-01-04,9.39099387166944
2020-01-05,9.123256265069069
2020-01-06,9.4776156346503
2020-01-07,10.105448324582431
2020-01-08,10.131578843574271
2020-01-09,10.193279896797268
2020-01-10,9.94812625415451
2020-01-11,9.228278517107196
2020-01-12,10.172751039463892
2020-01-13,10.169843838273156
2020-01-14,10.25340471401148
2020-01-15,10.07263943528144
2020-01-16,9.302007560502007
2020-01-17,9.172846167548602
2020-01-18,9.061144065614055
2020-01-19,9.05893591781695
2020-01-20,9.16701524723781
2020-01-21,9.214830277249035
2020-01-22,9.249080200292113
2020-01-23,9.153558357877198
2020-01-24,9.09918532261002
2020-01-25,8.974997713204976
2020-01-26,8.956222016362542
2020-01-27,9.145481799627687
2020-01-28,9.19125948416339
2020-01-29,9.170871628065816
2020-01-30,9.14889040965996
2020-01-31,9.062420241899561
2020-02-01,8.920389060080359
2020-02-02,8.931816237309167
2020-02-03,8.991686725934825
2020-02-04,9.0583540149783
2020-02-05,9.092232283495854
2020-02-06,9.07566546864958
2020-02-07,9.074749717669835
2020-02-08,8.93353229607628
2020-02-09,9.080687163749312
2020-02-10,9.203718495667296
2020-02-11,9.213834261230438
2020-02-12,9.249272581977971
2020-02-13,9.273221270015384
2020-02-14,9.031094081699155
2020-02-15,8.990441550826862
2020-02-16,9.024974184996003
2020-02-17,9.173157580848466
2020-02-18,9.178023770499639
2020-02-19,9.824336114230691
2020-02-20,9.335385860950407
2020-02-21,9.13075589263334
2020-02-22,9.075779878580487
2020-02-23,9.059866258621348
2020-02-24,9.270117576012044
2020-02-25,9.176576741823373
2020-02-26,9.158204617555654
2020-02-27,9.159362817211315
2020-02-28,9.110409533351133
2020-02-29,8.892061625546935
2020-03-01,8.938662873666118
2020-03-02,9.108418382250798
2020-03-03,9.218010878280403
2020-03-04,9.7538848483049
2020-03-05,9.60689927061335
2020-03-06,9.365205082537098
2020-03-07,9.10320049641828
2020-03-08,9.014082149443356
2020-03-09,9.319194776888265
2020-03-10,9.257414779362112
2020-03-11,9.192278229157774
2020-03-12,9.34233308143468
2020-03-13,9.458917724547202
2020-03-14,9.092007185014317
2020-03-15,9.04499391938819
2020-03-16,9.16701524723781
2020-03-17,9.112727543109182
2020-03-18,9.10642325855641
2020-03-19,9.164505835632383
2020-03-20,9.149421957006766
2020-03-21,8.987071812848821
2020-03-22,8.988071438072634
2020-03-23,9.146761390333312
2020-03-24,9.193804403336083
2020-03-25,9.203315757039219
2020-03-26,9.148784066277077
2020-03-27,9.146654820290049
2020-03-28,9.058121158998672
2020-03-29,9.083642718930225
2020-03-30,9.12467354521909
2020-03-31,9.148039345778804
2020-04-01,9.345657668923812
2020-04-02,9.258844781035798
2020-04-03,9.241645221804594
2020-04-04,9.20230820027892
2020-04-05,9.166074955678168
2020-04-06,9.21602418844448
2020-04-07,9.217018026729423
2020-04-08,9.219597393238859
2020-04-09,9.22876950744455
2020-04-10,9.23863624113103
2020-04-11,9.249849505070895
2020-04-12,9.25339986143663
2020-04-13,9.353834471614912
2020-04-14,9.326254996572539
2020-04-15,9.282940064390527
2020-04-16,9.302646042760209
2020-04-17,9.333707785926467
2020-04-18,9.310818990542401
2020-04-19,9.235813167949214
2020-04-20,9.330520532232288
2020-04-21,9.380251908693456
2020-04-22,9.361257257293044
2020-04-23,9.353747835270912
2020-04-24,9.365290731974005
2020-04-25,9.343471684579365
2020-04-26,9.419466131522189
2020-04-27,9.465525078835189
2020-04-28,9.450616322030694
2020-04-29,9.568993358298544
2020-04-30,9.665547571979161
2020-05-01,9.48486121415014
2020-05-02,9.435322232564033
2020-05-03,9.473704136776757
2020-05-04,9.510519035757246
2020-05-05,9.494466128225186
2020-05-06,9.515321941506025
2020-05-07,9.522227133124781
2020-05-08,9.599540587618312
2020-05-09,9.442721128642875
2020-05-10,9.516942329280475
2020-05-11,9.695355758842355
2020-05-12,9.67570827281739
2020-05-13,9.48288342558516
2020-05-14,9.453051228782922
2020-05-15,9.386476169683052
2020-05-16,9.349580439067687
2020-05-17,9.459697330106296
2020-05-18,9.511185430954244
2020-05-19,9.423029465386534
2020-05-20,9.44549154241467
2020-05-21,9.42617729477462
2020-05-22,9.29403793099775
2020-05-23,9.241548299100376
2020-05-24,9.235228087483963
2020-05-25,9.310366686043308
2020-05-26,9.388904879892426
2020-05-27,9.333884558067638
2020-05-28,9.262837940933936
2020-05-29,9.200492035921368
2020-05-30,9.181940897454485
2020-05-31,9.108307646411031
2020-06-01,9.155144736508232
2020-06-02,9.24329147211587
2020-06-03,9.167745974343763
2020-06-04,9.186150133174966
2020-06-05,9.133351330448047
2020-06-06,9.043340831280013
2020-06-07,9.18091156128537
2020-06-08,9.200492035921368
2020-06-09,9.218506934642576
2020-06-10,9.24048152888817
2020-06-11,9.247925132303454
2020-06-12,9.206031100388085
2020-06-13,9.093918908958932
2020-06-14,9.061144065614055
2020-06-15,9.123147160273806
2020-06-16,9.077951183930438
2020-06-17,9.121509158269568
2020-06-18,9.129455643235719
2020-06-19,9.056489647157923
2020-06-20,8.991811158212718
2020-06-21,9.022201929860664
2020-06-22,9.170871628065816
2020-06-23,9.214431989879436
2020-06-24,9.13097243659261
2020-06-25,9.107975365298154
2020-06-26,9.07589427542326
2020-06-27,9.026657889542886
2020-06-28,9.069237530998182
2020-06-29,9.080117784926209
2020-06-30,9.139059169971219
2020-07-01,9.106312301552135
2020-07-02,9.096163326913784
2020-07-03,9.09459276343187
2020-07-04,9.035629778183564
2020-07-05,9.033961124637857
2020-07-06,9.17118365677499
2020-07-07,9.188197007290492
2020-07-08,9.32143441948177
2020-07-09,9.317489287493226
2020-07-10,9.221577003902171
2020-07-11,9.133243321591216
2020-07-12,9.075207697984686
2020-07-13,9.18471482433721
2020-07-14,9.246768728589734
2020-07-15,9.455323689894849
2020-07-16,9.950991175180095
2020-07-17,9.556621486730899
2020-07-18,9.450223039294668
2020-07-19,9.358243001899679
2020-07-20,9.3729692954244
2020-07-21,9.413444467952665
2020-07-22,9.359966545931995
2020-07-23,9.445570584425539
2020-07-24,9.335474102732949
2020-07-25,9.53097354456765
2020-07-26,9.572201842602215
2020-07-27,9.666942095531727
2020-07-28,9.687567846311238
2020-07-29,9.526391218478407
2020-07-30,9.436838291102966
2020-07-31,9.407550541263888
2020-08-01,9.4535218170269
2020-08-02,9.502487461387123
2020-08-03,9.471781133222736
2020-08-04,9.451716691551452
2020-08-05,9.443355043085656
2020-08-06,9.433403920090221
2020-08-07,9.356170820187723
2020-08-08,9.376871242863814
2020-08-09,9.356602878954435
2020-08-10,9.428913494775632
2020-08-11,9.428993858017527
2020-08-12,9.411156511406302
2020-08-13,9.521641310026597
2020-08-14,9.495594499353297
2020-08-15,9.338205742974079
2020-08-16,9.387900611668426
2020-08-17,9.51708950714519
2020-08-18,9.450930836894113
2020-08-19,9.44351345892757
2020-08-20,9.489713016556824
2020-08-21,9.363576347875041
2020-08-22,9.252441547994819
2020-08-23,9.349319399257634
2020-08-24,9.38328476695754
2020-08-25,9.364948090202622
2020-08-26,9.380758024267314
2020-08-27,9.407632639699958
2020-08-28,9.418735700941484
2020-08-29,9.25023393563786
2020-08-30,9.212238569259263
2020-08-31,9.34940642009918
2020-09-01,9.34975442775886
2020-09-02,9.396653950039674
2020-09-03,9.534812320874815
2020-09-04,9.30383071506352
2020-09-05,9.172326929777967
2020-09-06,9.146121799649531
2020-09-07,9.240384493324559
2020-09-08,9.341719450032562
2020-09-09,9.265869681768663
2020-09-10,9.283497892593909
2020-09-11,9.312084355859467
2020-09-12,9.211239967219019
2020-09-13,9.23561817916045
2020-09-14,9.312084355859467
2020-09-15,9.360138737064577
2020-09-16,9.28933637820268
2020-09-17,9.31154225248515
2020-09-18,9.294589604421082
2020-09-19,9.10242102975669
2020-09-20,9.104535313079205
2020-09-21,9.214730720277476
2020-09-22,9.307739277963316
2020-09-23,9.297526733655099
2020-09-24,9.23024103368252
2020-09-25,9.201501423308978
2020-09-26,9.07954808172616
2020-09-27,9.136586183387521
2020-09-28,9.308464769969381
2020-09-29,9.279679850054796
2020-09-30,9.140239744296693
2020-10-01,9.071308163280625
2020-10-02,9.0595174822416
2020-10-03,8.950143756459262
2020-10-04,8.926783114101351
2020-10-05,9.065083359319043
2020-10-06,9.144307401371744
2020-10-07,9.165970424240243
2020-10-08,9.15133319139615
2020-10-09,9.156834104453042
2020-10-10,9.03741453682259
2020-10-11,9.028938392241612
2020-10-12,9.240772579096385
2020-10-13,9.207436158828793
2020-10-14,9.221873607789856
2020-10-15,9.15461622320382
2020-10-16,9.117896081584902
2020-10-17,10.103362476910984
2020-10-18,9.092344813738475
2020-10-19,9.20623194393164
2020-10-20,9.28023949935585
2020-10-21,9.433403920090221
2020-10-22,9.55400099583723
2020-10-23,9.337589572891646
2020-10-24,9.152605321324945
2020-10-25,9.174298600628918
2020-10-26,9.35781165133439
2020-10-27,9.421330367117822
2020-10-28,9.40943710213184
2020-10-29,9.294313805752362
2020-10-30,9.279399907907678
2020-10-31,9.249080200292113
2020-11-01,9.225426009394223
2020-11-02,9.285262298493443
2020-11-03,9.281823473598047
2020-11-04,9.330431852234003
2020-11-05,9.531263778207766
2020-11-06,9.64517008871425
2020-11-07,9.378140332251117
2020-11-08,9.254165851516213
2020-11-09,9.395740518379736
2020-11-10,9.36990494164752
2020-11-11,9.443355043085656
2020-11-12,9.45657525451379
2020-11-13,9.453678630575912
2020-11-14,9.263881138904212
2020-11-15,9.388821229384199
2020-11-16,9.46792399660393
2020-11-17,9.77826440778205
2020-11-18,9.924955459151368
2020-11-19,9.715409458629793
2020-11-20,9.66128859468676
2020-11-21,9.71842223507111
2020-11-22,9.657331226912845
2020-11-23,9.780980878043332
2020-11-24,9.957549510634658
2020-11-25,9.822385951099086
2020-11-26,9.845646552846278
2020-11-27,9.65739517984351
2020-11-28,9.556621486730899
2020-11-29,9.531553927636756
2020-11-30,9.898173457712359
2020-12-01,9.982483558762626
2020-12-02,9.787796078039936
2020-12-03,9.848503244203368
2020-12-04,9.795846661018736
2020-12-05,9.694924684536947
2020-12-06,9.677590213025297
2020-12-07,9.764168012286715
2020-12-08,9.703877405604631
2020-12-09,9.660778845727078
2020-12-10,9.725436862592819
2020-12-11,9.625095526991439
2020-12-12,9.454148923733976
2020-12-13,9.528794103094718
2020-12-14,9.632400353656184
2020-12-15,9.585964638073326
2020-12-16,10.091459780838896
2020-12-17,10.569828638675567
2020-12-18,10.283839959829217
2020-12-19,10.015118368707313
2020-12-20,10.01695015744693
2020-12-21,10.061644482330784
2020-12-22,9.938323667371586
2020-12-23,9.814437735702617
2020-12-24,9.662816284353703
2020-12-25,9.584108393341092
2020-12-26,9.883335864325275
2020-12-27,10.196604827477849
2020-12-28,10.217312405089107
2020-12-29,10.181232919041921
2020-12-30,10.254602065894211
2020-12-31,10.090423446880829
2021-01-01,9.95237295026594
2021-01-02,10.671533463946282
2021-01-03,10.981829104361879
2021-01-04,10.800411961919318
2021-01-05,10.622960158263622
2021-01-06,10.610537638265065
2021-01-07,10.853483816875455
2021-01-08,10.925326782398324
2021-01-09,10.713661927620947
2021-01-10,10.634965627401037
2021-01-11,10.818357275254836
2021-01-12,10.735135010341178
2021-01-13,10.751242451322511
2021-01-14,10.837048295575237
2021-01-15,10.721746404137187
2021-01-16,10.549438298265098
2021-01-17,10.477287975463508
2021-01-18,10.368290179989799
2021-01-19,10.392374268783366
2021-01-20,10.200921916430588
2021-01-21,10.273360024718905
2021-01-22,10.332441296713197
2021-01-23,10.124188122199199
2021-01-24,10.100122843969542
2021-01-25,10.188779270365272
2021-01-26,10.109362862283819
2021-01-27,10.185692150979541
2021-01-28,10.45007599474564
2021-01-29,11.110116825323272
2021-01-30,10.771511983000792
2021-01-31,10.589584941608546
2021-02-01,10.539190984434368
2021-02-02,10.512165576469624
2021-02-03,10.444182609904397
2021-02-04,10.565040861504896
2021-02-05,10.542838308490404
2021-02-06,10.608093826184968
2021-02-07,10.608390364106926
2021-02-08,11.267970770641904
2021-02-09,11.419350778326072
2021-02-10,11.11767302953823
2021-02-11,11.037225643179612
2021-02-12,10.936707622437186
2021-02-13,10.860382655252224
2021-02-14,10.813639480450874
2021-02-15,10.877462115749834
2021-02-16,11.049746494671592
2021-02-17,11.072123292572378
2021-02-18,10.981114514795102
2021-02-19,11.098999665944197
2021-02-20,11.206984373246167
2021-02-21,11.14757009778994
2021-02-22,11.230880805735858
2021-02-23,11.228424992523879
2021-02-24,11.253014189463805
2021-02-25,11.13689293754577
2021-02-26,11.13509984266548
2021-02-27,11.01117520192391
2021-02-28,11.03955617824819
2021-03-01,11.252157925059329
2021-03-02,11.338393490451104
2021-03-03,11.298568200936636
2021-03-04,11.4133592410454
2021-03-05,11.22251968659685
2021-03-06,11.116112816141204
2021-03-07,11.067653471943677
2021-03-08,11.079307765442472
2021-03-09,11.304670526149769
2021-03-10,11.272813765425864
2021-03-11,11.57953683626873
2021-03-12,11.695230354958627
2021-03-13,11.506907392644665
2021-03-14,11.34966508419479
2021-03-15,11.379896803098278
2021-03-16,11.40715375367195
2021-03-17,11.270522638717207
2021-03-18,11.165762283308853
2021-03-19,11.119719900617751
2021-03-20,10.973460282995074
2021-03-21,10.918373970115221
2021-03-22,11.111701351119319
2021-03-23,11.264387179636074
2021-03-24,11.297005758745339
2021-03-25,11.189837261254489
2021-03-26,11.198283210935664
2021-03-27,11.117598788834988
2021-03-28,11.23166274432063
2021-03-29,11.2038563106368
2021-03-30,11.08189636473079
2021-03-31,11.0007823069704
2021-04-01,11.022310881820369
2021-04-02,10.850908666606845
2021-04-03,10.842810983520856
2021-04-04,10.748840665985405
2021-04-05,10.852806788424072
2021-04-06,10.962145525697204
2021-04-07,10.97620066767855
2021-04-08,10.902537299578048
2021-04-09,10.859095146787233
2021-04-10,10.844685508116383
2021-04-11,10.900362383966321
2021-04-12,10.969748810986578
2021-04-13,11.041673056323964
2021-04-14,11.195059061341132
2021-04-15,11.172278526394377
2021-04-16,11.339845076742208
2021-04-17,11.156521912772854
2021-04-18,11.166342284598286
2021-04-19,11.18603121266209
2021-04-20,11.066513354528658
2021-04-21,10.905185041352151
2021-04-22,10.852535848648456
2021-04-23,10.900842009130011
2021-04-24,10.765448806531527
2021-04-25,10.777183886777863
2021-04-26,10.887137822734557
2021-04-27,11.170336559613691
2021-04-28,11.288118030169317
2021-04-29,11.261896710166482
2021-04-30,11.190279207482352
2021-05-01,10.959296718878928
2021-05-02,10.957729893468297
2021-05-03,11.16032791145152
2021-05-04,11.187513833708381
2021-05-05,11.292727570944589
2021-05-06,11.266743557029443
2021-05-07,11.213157315916463
2021-05-08,11.230933837846813
2021-05-09,11.312509181587025
2021-05-10,11.3064054734599
2021-05-11,11.110460850874302
2021-05-12,11.04474417425653
2021-05-13,11.70093083823248
2021-05-14,11.431292326565295
2021-05-15,11.245111377155913
2021-05-16,11.179436773149567
2021-05-17,11.230774733075986
2021-05-18,11.115993842880304
2021-05-19,11.589506804399157
2021-05-20,11.590247552032542
2021-05-21,11.342682665391472
2021-05-22,11.30216739593165
2021-05-23,11.260378849286703
2021-05-24,11.29110603661815
2021-05-25,11.421248676398324
2021-05-26,11.104430772301699
2021-05-27,10.84885153189599
2021-05-28,10.954623813179536
2021-05-29,11.032402703134284
2021-05-30,10.83137083044609
2021-05-31,10.595759350060119
2021-06-01,10.530895491381983
2021-06-02,10.518159546219628
2021-06-03,10.635302408736912
2021-06-04,10.779018787936984
2021-06-05,10.6699084287665
2021-06-06,10.715794598265331
2021-06-07,10.710432058574115
2021-06-08,10.804380342230186
2021-06-09,10.824925017229813
2021-06-10,10.825660947568439
2021-06-11,10.699958175327975
2021-06-12,10.5876948915266
2021-06-13,10.591018994310438
2021-06-14,10.658035524203411
2021-06-15,10.599680091282034
2021-06-16,10.563181356836854
2021-06-17,10.471439922974001
2021-06-18,10.3819862463277
2021-06-19,10.434850827519666
2021-06-20,10.40089353434265
2021-06-21,10.58903089706934
2021-06-22,10.692467503598817
2021-06-23,10.501746964063756
2021-06-24,10.448627642716774
2021-06-25,10.333872889604516
2021-06-26,10.250864402868727
2021-06-27,10.218553734200675
2021-06-28,10.2561494549844
2021-06-29,10.237098556876308
2021-06-30,10.243097717848269
2021-07-01,10.40292861743548
2021-07-02,10.22795950143476
2021-07-03,10.110867508670859
2021-07-04,10.16373419180184
2021-07-05,10.226983097777042
2021-07-06,10.214019076585554
2021-07-07,10.120613031524774
2021-07-08,10.179299452417421
2021-07-09,10.182255007598334
2021-07-10,10.15843980036499
2021-07-11,10.27512007210784
2021-07-12,10.303504513070566
2021-07-13,10.382977295992266
2021-07-14,10.317416739056421
2021-07-15,10.213799135235694
2021-07-16,10.149292386393418
2021-07-17,10.029811785869622
2021-07-18,10.046938334941089
2021-07-19,10.128509338862111
2021-07-20,10.21464198117305
2021-07-21,10.193017915845527
2021-07-22,10.223067921487123
2021-07-23,10.179147649760584
2021-07-24,10.063989449190156
2021-07-25,10.13026449508276
2021-07-26,10.33227848594779
2021-07-27,10.209795089111074
2021-07-28,10.175725983494056
2021-07-29,10.274119640804045
2021-07-30,10.239352461914338
2021-07-31,10.19253119762704
2021-08-01,10.205442284274628
2021-08-02,10.378696361299577
2021-08-03,10.512056756620776
2021-08-04,10.31728452076383
2021-08-05,10.2422785273763
2021-08-06,10.114963298982655
2021-08-07,10.122181217776706
2021-08-08,10.203369898069226
2021-08-09,10.36296724895053
2021-08-10,10.354085350751632
2021-08-11,10.448569664980209
2021-08-12,10.418822991779948
2021-08-13,10.36668683462848
2021-08-14,10.269067726945378
2021-08-15,10.24092361024682
2021-08-16,10.393201893089193
2021-08-17,10.363977318163013
2021-08-18,10.31433813292063
2021-08-19,10.387979467850263
2021-08-20,10.269622608180354
2021-08-21,10.192680982311837
2021-08-22,10.23731343350214
2021-08-23,10.50829520177255
2021-08-24,10.612901705559945
2021-08-25,10.587366919275157
2021-08-26,10.525836661787357
2021-08-27,10.669187925777782
2021-08-28,10.48849257447637
2021-08-29,10.498415325589614
2021-08-30,10.57602377919195
2021-08-31,10.634749065204732
2021-09-01,10.630987849467736
2021-09-02,10.581064138105116
2021-09-03,10.555213600795284
2021-09-04,10.430491597029581
2021-09-05,10.49166303072945
2021-09-06,10.542838308490404
2021-09-07,10.787441025831312
2021-09-08,10.734220396048636
2021-09-09,10.72088569543393
2021-09-10,10.613073867047845
2021-09-11,10.443366996692856
2021-09-12,10.496344674251352
2021-09-13,10.520347464923955
2021-09-14,10.524682128775064
2021-09-15,10.482681853020042
2021-09-16,10.524037158179487
2021-09-17,10.521102670483636
2021-09-18,10.482261502441474
2021-09-19,10.489717450749996
2021-09-20,10.508677454336931
2021-09-21,10.583068121374101
2021-09-22,10.583093462529407
2021-09-23,10.742465181307614
2021-09-24,11.074653033885946
2021-09-25,11.020070726525475
2021-09-26,10.974420272097495
2021-09-27,10.863431467331687
2021-09-28,10.901358271402707
2021-09-29,10.489967808902549
2021-09-30,10.396230668751352
2021-10-01,10.41229113335048
2021-10-02,10.348205424565993
2021-10-03,10.394243113248184
2021-10-04,10.523553157094481
2021-10-05,10.6157017958133
2021-10-06,10.702030248141414
2021-10-07,10.626703114218108
2021-10-08,10.55552623920546
2021-10-09,10.504711311745423
2021-10-10,10.505916494175118
2021-10-11,10.605049231697091
2021-10-12,10.643327461088056
2021-10-13,10.686521139890596
2021-10-14,10.580073347296848
2021-10-15,10.610562292793487
2021-10-16,10.602393121706738
2021-10-17,10.550093288660157
2021-10-18,10.652187692216323
2021-10-19,10.711569271188173
2021-10-20,10.789587082246053
2021-10-21,10.717922730303274
2021-10-22,10.61381136646669
2021-10-23,10.556697763492373
2021-10-24,10.675469018613882
2021-10-25,10.743674475745388
2021-10-26,10.830084987398923
2021-10-27,10.92166677957473
2021-10-28,11.018383211277339
2021-10-29,10.989689821127556
2021-10-30,10.907532718597857
2021-10-31,10.856071640107553
2021-11-01,10.97845584528984
2021-11-02,11.084140551540447
2021-11-03,10.903862046781907
2021-11-04,10.918609530705213
2021-11-05,10.887698580894263
2021-11-06,10.871383530135954
2021-11-07,10.903218291644121
2021-11-08,11.0388174241394
2021-11-09,11.1879844870947
2021-11-10,11.232099833314933
2021-11-11,11.190831365744934
2021-11-12,11.148304751131443
2021-11-13,11.004496965803959
2021-11-14,11.049174248590166
2021-11-15,11.122220882335288
2021-11-16,11.149657405561852
2021-11-17,11.195732189144058
2021-11-18,11.182141022138627
2021-11-19,11.009638024242527
2021-11-20,10.889658761858488
2021-11-21,10.806956434690225
2021-11-22,10.891801227257481
2021-11-23,11.05049310122081
2021-11-24,11.314620857002938
2021-11-25,11.10861968458191
2021-11-26,10.944011583428672
2021-11-27,10.841030840443734
2021-11-28,10.830738006646618
2021-11-29,10.941659577392821
2021-11-30,10.99904518047501
2021-12-01,10.923579585124024
2021-12-02,10.945582398369066
2021-12-03,10.879178627691731
2021-12-04,10.950508256718583
2021-12-05,10.890068980025717
2021-12-06,10.974077524630472
2021-12-07,11.037708268671606
2021-12-08,11.046626963254315
2021-12-09,10.970282323317344
2021-12-10,10.828341515070772
2021-12-11,10.77327350675453
2021-12-12,10.882659182449483
2021-12-13,10.969576649498677
2021-12-14,11.100299781021203
2021-12-15,11.137024013460758
2021-12-16,11.299274218839363
2021-12-17,11.32302324743582
2021-12-18,11.062959729461
2021-12-19,10.951490523377696
2021-12-20,10.964034460397444
2021-12-21,10.948417730954377
2021-12-22,10.946358070510206
2021-12-23,10.820098233221204
2021-12-24,10.708153746219391
2021-12-25,10.643470607933105
2021-12-26,10.743544978410695
2021-12-27,10.798820189818805
2021-12-28,10.81299533211345
2021-12-29,10.779456164931679
2021-12-30,10.852806788424072
2021-12-31,10.650601949366015
2022-01-01,10.635061862214055
2022-01-02,10.901358271402707
2022-01-03,11.030719691441425
2022-01-04,11.01299032403541
2022-01-05,11.016150664426897
2022-01-06,11.072775740050202
2022-01-07,11.044488607696024
2022-01-08,10.94273900380909
2022-01-09,10.980263146595064
2022-01-10,10.989521058997378
2022-01-11,10.98547914618792
2022-01-12,10.975533390742427
2022-01-13,10.950139657828984
2022-01-14,10.956404881942108
2022-01-15,10.883109827442746
2022-01-16,10.909289866613754
2022-01-17,11.100329996152944
2022-01-18,11.083771989848263
2022-01-19,11.030395710359086
2022-01-20,11.02425264584537
2022-01-21,11.206549750071193
2022-01-22,11.17054782573232
2022-01-23,11.073955278304666
2022-01-24,11.174343003389657
2022-01-25,11.263014337316546
2022-01-26,11.228518025052106
2022-01-27,11.182210622701028
2022-01-28,11.06471463817042
2022-01-29,10.981863119702801
2022-01-30,10.924210369209531
2022-01-31,10.964207578602988
2022-02-01,11.266820302018672
2022-02-02,11.197570677162934
2022-02-03,11.10152276419531
2022-02-04,10.978677671259746
2022-02-05,10.8642543945108
2022-02-06,10.817816361096742
2022-02-07,10.954641290044536
2022-02-08,10.926082354780322
2022-02-09,10.918373970115221
2022-02-10,10.814323433727319
2022-02-11,10.724544101718104
2022-02-12,10.576993092840784
2022-02-13,10.627551835730795
2022-02-14,10.742097784525766
2022-02-15,10.694328433692867
2022-02-16,10.68434794707383
2022-02-17,10.70333435175513
2022-02-18,10.666044184468241
2022-02-19,10.559685438317794
2022-02-20,10.632170781587089
2022-02-21,10.679803319347403
2022-02-22,10.71123493111663
2022-02-23,10.704457215624819
2022-02-24,10.748454126156252
2022-02-25,10.549464506119595
2022-02-26,10.376486690761663
2022-02-27,10.363093563410546
2022-02-28,10.430107782200759
2022-03-01,10.449381047562612
2022-03-02,10.446334962324856
2022-03-03,10.413672971414696
2022-03-04,10.306249009069978
2022-03-05,10.156228740289281
2022-03-06,10.172636441606745
2022-03-07,10.308485885054848
2022-03-08,10.361260440267637
2022-03-09,10.499242387087424
2022-03-10,10.431465235119685
2022-03-11,10.309685725220122
2022-03-12,10.281307359823968
2022-03-13,10.258536174730276
2022-03-14,10.317482841647667
2022-03-15,10.325219633108164
2022-03-16,10.367158673708655
2022-03-17,10.34154891634728
2022-03-18,10.264025027289158
2022-03-19,10.194514026238298
2022-03-20,10.257659366256743
2022-03-21,10.315232898601442
2022-03-22,10.303705585457303
2022-03-23,10.338414370793911
2022-03-24,10.306115305824132
2022-03-25,10.284215880411878
2022-03-26,10.23899503822049
2022-03-27,10.24220726169782
2022-03-28,10.345830888730728
2022-03-29,10.313276632124348
2022-03-30,10.388964598613677
2022-03-31,10.314404439322537
2022-04-01,10.283258713552488
2022-04-02,10.16277015046621
2022-04-03,10.18968101756145
2022-04-04,10.341742483467284
2022-04-05,10.348045160450388
2022-04-06,10.375582742942056
2022-04-07,10.351820560871468
2022-04-08,10.270662181355965
2022-04-09,10.224338408254384
2022-04-10,10.274947655341608
2022-04-11,10.408526465540385
2022-04-12,10.319793683822168
2022-04-13,10.287694975264353
2022-04-14,10.364545034067998
2022-04-15,10.276877027171807
2022-04-16,10.169422358105223
2022-04-17,10.165351691961936
2022-04-18,10.237456658939223
2022-04-19,10.227814909184653
2022-04-20,10.198951765429964
2022-04-21,10.19597058192895
2022-04-22,10.138401559449253
2022-04-23,10.010411844857636
2022-04-24,10.065988981880777
2022-04-25,10.203369898069226
2022-04-26,10.25769445336048
2022-04-27,10.257799707285672
2022-04-28,10.279798443213942
2022-04-29,10.142583190064265
2022-04-30,9.977527665244592
2022-05-01,9.958733026762106
2022-05-02,10.073145935376685
2022-05-03,10.050095572172218
2022-05-04,10.10295297649576
2022-05-05,10.201070449665172
2022-05-06,10.120934911305456
2022-05-07,10.008072767726203
2022-05-08,9.997342128007752
2022-05-09,10.326399574248013
2022-05-10,10.307651814911244
2022-05-11,10.361956158466594
2022-05-12,10.637008627234346
2022-05-13,10.543049340172319
2022-05-14,10.320749470523804
2022-05-15,10.198579603162921
2022-05-16,10.262245325878965
2022-05-17,10.204258589529626
2022-05-18,10.203888397395684
2022-05-19,10.138401559449253
2022-05-20,10.016235712227882
2022-05-21,9.919902093804223
2022-05-22,9.920344669602551
2022-05-23,10.033769922799051
2022-05-24,10.026899162451327
2022-05-25,10.00681099476803
2022-05-26,9.978363087181235
2022-05-27,9.861727618287896
2022-05-28,9.742496866444002
2022-05-29,9.725675811220002
2022-05-30,9.911009193934975
2022-05-31,9.882621359854744
2022-06-01,9.838148711227788
2022-06-02,9.840387995592812
2022-06-03,9.747359919824648
2022-06-04,9.694739881505651
2022-06-05,9.917341146824663
2022-06-06,9.91086030686554
2022-06-07,9.86141477611422
2022-06-08,9.858176329826126
2022-06-09,9.874779388399384
2022-06-10,9.793002819360856
2022-06-11,9.725138096494574
2022-06-12,9.855609472291665
2022-06-13,10.257132911914496
2022-06-14,10.291297725405572
2022-06-15,10.319925570795222
2022-06-16,10.197611332567385
2022-06-17,10.074242472958618
2022-06-18,10.195149195980738
2022-06-19,10.189079943122826
2022-06-20,10.14053400901933
2022-06-21,10.047977431021076
2022-06-22,10.003423381148728
2022-06-23,9.930956794525674
2022-06-24,9.840973647146885
2022-06-25,9.654449103676551
2022-06-26,9.60204456483431
2022-06-27,9.82730820579731
2022-06-28,9.785660765922685
2022-06-29,9.814383077453307
2022-06-30,9.863238310628443
2022-07-01,9.822602823795664
2022-07-02,9.71153981234754
2022-07-03,9.723044230753946
2022-07-04,9.763823105408154
2022-07-05,9.77854771798028
2022-07-06,9.742790491838836
2022-07-07,9.741262697441297
2022-07-08,9.681156171322476
2022-07-09,9.579072337028126
2022-07-10,9.600894867348593
2022-07-11,9.727466108290653
2022-07-12,9.784478765953926
2022-07-13,9.96029312635758
2022-07-14,9.84834475303892
2022-07-15,9.706194479812028
2022-07-16,9.641538201979953
2022-07-17,9.738377032472528
2022-07-18,9.714503852868623
2022-07-19,9.7242412622591
2022-07-20,9.726272933110318
2022-07-21,9.864330837334935
2022-07-22,9.70558524377515
2022-07-23,9.592468614719909
2022-07-24,9.650400124848845
2022-07-25,10.103526230135241
2022-07-26,9.889033595565978
2022-07-27,9.792667717430884
2022-07-28,9.708749225727084
2022-07-29,9.66058762285624
2022-07-30,9.596078849900314
2022-07-31,9.585002570929301
2022-08-01,9.645364282325891
2022-08-02,9.762787670432992
2022-08-03,9.699288417222856
2022-08-04,9.685393729854024
2022-08-05,9.605014129006127
2022-08-06,9.512442967089195
2022-08-07,9.525661930231381
2022-08-08,9.677715549868227
2022-08-09,9.716374535006043
2022-08-10,9.694000327669404
2022-08-11,9.670987868797893
2022-08-12,9.597437822726162
2022-08-13,9.447938944259977
2022-08-14,9.549950537288323
2022-08-15,9.612800971064049
2022-08-16,9.645946636996333
2022-08-17,9.674514542898361
2022-08-18,9.65745912868446
2022-08-19,9.624302610338294
2022-08-20,9.524201756211266
2022-08-21,9.546812608597396
2022-08-22,9.658034484302057
2022-08-23,9.682840881420505
2022-08-24,9.687878048875998
2022-08-25,9.63351441386512
2022-08-26,9.599269511444248
2022-08-27,9.5302475917227
2022-08-28,9.506734385029985
2022-08-29,9.64121328401888
2022-08-30,9.880525940898782
2022-08-31,9.675080171546819
2022-09-01,9.63095678385169
2022-09-02,9.585758558732051
2022-09-03,9.504054216659682
2022-09-04,9.478227817099784
2022-09-05,9.575538886855792
2022-09-06,9.658353983330302
2022-09-07,9.658290091690503
2022-09-08,9.588228712314113
2022-09-09,9.643485495857657
2022-09-10,9.510963348560765
2022-09-11,9.629971335557247
2022-09-12,9.564442007795789
2022-09-13,9.64510534912921
2022-09-14,9.703633190449867
2022-09-15,9.725914702764378
2022-09-16,9.673382324888367
2022-09-17,9.507923269105227
2022-09-18,9.509110741413384
2022-09-19,9.702777967428895
2022-09-20,9.730740018176446
2022-09-21,9.754349289532406
2022-09-22,9.669598979685738
2022-09-23,9.556833658307777
2022-09-24,9.479068956510876
2022-09-25,9.497472293122483
2022-09-26,9.594854193331415
2022-09-27,9.656563472556515
2022-09-28,9.65374331942474
2022-09-29,9.603732898850078
2022-09-30,9.554568170613157
2022-10-01,9.40968291310444
2022-10-02,9.44137272471063
2022-10-03,9.600556469321608
2022-10-04,9.591034531092426
2022-10-05,9.568154666608342
2022-10-06,9.591922539621015
2022-10-07,9.555205857955418
2022-10-08,9.41041998369184
2022-10-09,9.4407375520017
2022-10-10,9.602922854253334
2022-10-11,9.832582139020353
2022-10-12,9.76789689822978
2022-10-13,9.706803344906337
2022-10-14,9.57227147806062
2022-10-15,9.480825419599443
2022-10-16,9.446755465483632
2022-10-17,9.590966190070702
2022-10-18,9.66179808393482
2022-10-19,9.622847294873393
2022-10-20,9.632006859422356
2022-10-21,9.570389616553864
2022-10-22,9.463198053273784
2022-10-23,9.444463427333401
2022-10-24,9.608915129379593
2022-10-25,9.660460120624778
2022-10-26,9.675645480440364
2022-10-27,9.60434000197507
2022-10-28,9.66751202240654
2022-10-29,9.552581649917311
2022-10-30,9.447702360527948
2022-10-31,9.64930472862475
2022-11-01,9.63390731544833
2022-11-02,9.700024071988745
2022-11-03,9.68700923909068
2022-11-04,9.596894455192587
2022-11-05,9.52711997525166
2022-11-06,9.610725934341048
2022-11-07,9.690294332075087
2022-11-08,9.74020362461931
2022-11-09,9.938130495979667
2022-11-10,10.0411603576612
2022-11-11,9.99620346103587
2022-11-12,10.181308665141033
2022-11-13,10.212735402902469
2022-11-14,10.222268502839897
2022-11-15,10.153117229086165
2022-11-16,10.107733666745874
2022-11-17,10.13946835265183
2022-11-18,10.078238860499914
2022-11-19,9.818637474619734
2022-11-20,9.777697546477828
2022-11-21,9.880730565413511
2022-11-22,9.86775674258033
2022-11-23,9.791214310053341
2022-11-24,9.743025330095067
2022-11-25,9.743436164387901
2022-11-26,9.898726235434417
2022-11-27,9.734003244543665
2022-11-28,9.805102650614726
2022-11-29,9.751093661983862
2022-11-30,9.73790511174645
2022-12-01,9.741203889478681
2022-12-02,9.705402400562695
2022-12-03,9.582593345878234
2022-12-04,9.560151815893512
2022-12-05,9.644781588320864
2022-12-06,9.627075072342578
2022-12-07,9.568504206966335
2022-12-08,9.529012261114708
2022-12-09,9.4776156346503
2022-12-10,9.440101975591968
2022-12-11,9.521568058002977
2022-12-12,9.71250862865099
2022-12-13,10.005908752635277
2022-12-14,9.901184903473453
2022-12-15,10.12033130170181
2022-12-16,10.567489095490265
2022-12-17,10.132414348606066
2022-12-18,9.874316175235847
2022-12-19,9.7997368515422
2022-12-20,9.791102421941337
2022-12-21,9.69066555029379
2022-12-22,9.702900186935281
2022-12-23,9.583764265872883
2022-12-24,9.438272440022189
2022-12-25,9.407632639699958
2022-12-26,9.586308009295324
2022-12-27,9.58795455192857
2022-12-28,9.638219074921247
2022-12-29,9.600353375525426
2022-12-30,9.57456673206775
2022-12-31,9.381010986029276
2023-01-01,9.42124938562205
2023-01-02,9.668081624649718
2023-01-03,9.774630930411124
2023-01-04,9.646076003102594
2023-01-05,9.595738817934032
2023-01-06,9.531263778207766
2023-01-07,9.403107186631676
2023-01-08,9.412382853382338
2023-01-09,9.506808731708581
2023-01-10,9.527848201325206
2023-01-11,9.643355794171352
2023-01-12,9.581283046045924
2023-01-13,9.469854424600042
2023-01-14,9.481130576757746
2023-01-15,9.399554785027307
2023-01-16,9.530102337891375
2023-01-17,9.527338498762017
2023-01-18,9.538564399740899
2023-01-19,9.561138078742038
2023-01-20,9.490544554572004
2023-01-21,9.38915578944085
2023-01-22,9.408371222475317
2023-01-23,9.481740611853681
2023-01-24,9.50397966490209
2023-01-25,9.469159899742863
2023-01-26,9.42375676753181
2023-01-27,9.411074701777263
2023-01-28,9.36768594269996
2023-01-29,9.373733918884618
2023-01-30,9.448884719866415
2023-01-31,9.45461899582035
2023-02-01,9.465292619805044
2023-02-02,9.477921772720961
2023-02-03,9.469468637009902
2023-02-04,9.353401214816834
2023-02-05,9.348100311680668
2023-02-06,9.432923766431829
2023-02-07,9.438352054687252
2023-02-08,9.404590499635411
2023-02-09,9.421573272264558
2023-02-10,9.380504998499505
2023-02-11,9.34145634983372
2023-02-12,9.345570321236286
2023-02-13,9.446202695698167
2023-02-14,9.345395602969047
2023-02-15,9.37092743662413
2023-02-16,9.39024233725137
2023-02-17,9.31982238259318
2023-02-18,9.271341393533582
2023-02-19,9.329278296047697
2023-02-20,9.40475517645752
2023-02-21,9.417354541360508
2023-02-22,9.420682331453184
2023-02-23,9.357897936333798
2023-02-24,9.333354147871328
2023-02-25,9.415727201701133
2023-02-26,9.319463798994537
2023-02-27,9.372459221452617
2023-02-28,9.329633378164166
2023-03-01,9.261793653565098
2023-03-02,9.307648554443182
2023-03-03,9.285726098882073
2023-03-04,9.237079669165805
2023-03-05,9.156412029950626
2023-03-06,9.29807648628027
2023-03-07,9.395657437749936
2023-03-08,9.6006918422743
2023-03-09,9.387565631345389
2023-03-10,9.391494581018131
2023-03-11,9.3031929889908
2023-03-12,9.318656515459642
2023-03-13,9.552865680310473
2023-03-14,9.595670797663967
2023-03-15,9.466067273186413
2023-03-16,9.415564321987441
2023-03-17,9.46280968867222
2023-03-18,9.412137705270794
2023-03-19,9.406564833939129
2023-03-20,9.50822026940441
2023-03-21,9.473550432503476
2023-03-22,9.463120392418698
2023-03-23,9.476006870370282
2023-03-24,9.403931521028369
2023-03-25,9.237469039364436
2023-03-26,9.237955539009157
2023-03-27,9.372799299673886
2023-03-28,9.40335455830888
2023-03-29,9.401291255468191
2023-03-30,9.441690159837492
2023-03-31,9.398892478520773
2023-04-01,9.235130540783402
2023-04-02,9.19532825185568
2023-04-03,9.4066470133368
2023-04-04,9.397234790615272
2023-04-05,9.250522161609014
2023-04-06,9.241645221804594
2023-04-07,9.178230318057949
2023-04-08,9.081711229379001
2023-04-09,9.125326997649227
2023-04-10,9.342946336524205
2023-04-11,9.443275825752862
2023-04-12,9.34862295977619
2023-04-13,9.244741798693514
2023-04-14,9.221774749601845
2023-04-15,9.180602553712227
2023-04-16,9.181940897454485
2023-04-17,9.26407069439715
2023-04-18,9.252249775053393
2023-04-19,9.308646060760307
2023-04-20,9.39465993143281
2023-04-21,9.224933374279082
2023-04-22,9.150165648940114
2023-04-23,9.194007717355285
2023-04-24,9.35686202463895
2023-04-25,9.30273722124215
2023-04-26,9.306377560173125
2023-04-27,9.302098797215724
2023-04-28,9.213236175088209
2023-04-29,9.136478523377727
2023-04-30,9.484557193474393
2023-05-01,9.41531995266272
2023-05-02,9.371268036082466
2023-05-03,9.399554785027307
2023-05-04,9.298442820197728
2023-05-05,9.237955539009157
2023-05-06,9.162304922937626
2023-05-07,9.132919225007598
2023-05-08,9.275191344295799
2023-05-09,9.249945626568541
2023-05-10,9.278092474027002
2023-05-11,9.259987311865597
2023-05-12,9.268609280100158
2023-05-13,9.106977858981029
2023-05-14,9.086136768516877
2023-05-15,9.218010878280403
2023-05-16,9.28126471031288
2023-05-17,9.314880551250107
2023-05-18,9.20099685697303
2023-05-19,9.14569517848265
2023-05-20,9.01663425631559
2023-05-21,9.064505023752638
2023-05-22,9.17812704961153
2023-05-23,9.11305824916963
2023-05-24,9.158415299111264
2023-05-25,9.173365135851288
2023-05-26,9.175541866433488
2023-05-27,9.042040056544483
2023-05-28,9.058237593766226
2023-05-29,9.17895289873455
2023-05-30,9.211839248099919
2023-05-31,9.370331108285123
2023-06-01,9.214133170214879
2023-06-02,9.180808569370145
2023-06-03,9.02749867993534
2023-06-04,9.108639817149843
2023-06-05,9.20079495913265
2023-06-06,9.261223582290752
2023-06-07,9.258844781035798
2023-06-08,9.173157580848466
2023-06-09,9.11085147347544
2023-06-10,9.076237387452702
2023-06-11,9.087833697483386
2023-06-12,9.169830828637973
2023-06-13,9.173053787190167
2023-06-14,9.23941361946189
2023-06-15,9.250041738827735
2023-06-16,9.17812704961153
2023-06-17,9.154298981092557
2023-06-18,9.057189192482008
2023-06-19,9.168893182062009
2023-06-20,9.223552703448318
2023-06-21,9.353401214816834
2023-06-22,9.244065241377804
2023-06-23,9.230535079261703
2023-06-24,9.48774481001683
2023-06-25,9.492356422801336
2023-06-26,9.208238163884312
2023-06-27,9.329367078397823
2023-06-28,9.251002353695073
2023-06-29,9.2093398716426
2023-06-30,9.184304357425342
2023-07-01,9.0918946167697
2023-07-02,9.17678358844734
2023-07-03,9.225721474014485
2023-07-04,9.457669090078747
2023-07-05,9.3492323708428
2023-07-06,9.22700081286929
2023-07-07,9.291090521661292
2023-07-08,9.159257581746866
2023-07-09,9.1942109900463
2023-07-10,9.257796313132479
2023-07-11,9.236300473645715
2023-07-12,9.359966545931995
2023-07-13,9.287116210778231
2023-07-14,9.232982102457008
2023-07-15,9.049936850483158
2023-07-16,9.102532419341877
2023-07-17,9.184509611941662
2023-07-18,9.212737496575905
2023-07-19,9.21642184229205
2023-07-20,9.236982302922604
2023-07-21,9.19085169539232
2023-07-22,9.078978053779355
2023-07-23,9.231906149890744
2023-07-24,9.27771860730613
2023-07-25,9.276408971945887
2023-07-26,9.300363874623772
2023-07-27,9.306740866262498
2023-07-28,9.275659838096825
2023-07-29,9.176886995716963
2023-07-30,9.136586183387521
2023-07-31,9.296793259706382
2023-08-01,9.365033761652663
2023-08-02,9.261983605128021
2023-08-03,9.219597393238859
2023-08-04,9.208739090609209
2023-08-05,9.084550365917883
2023-08-06,9.14889040965996
2023-08-07,9.268892258925797
2023-08-08,9.207135241027235
2023-08-09,9.222664121665014
2023-08-10,9.234740258799718
2023-08-11,9.241451367001236
2023-08-12,9.13356731317027
2023-08-13,9.122928914965213
2023-08-14,9.27771860730613
2023-08-15,9.282754052485227
2023-08-16,9.280705634636746
2023-08-17,9.35452729228868
2023-08-18,9.448727152703086
2023-08-19,9.383032379794294
2023-08-20,9.272657678041044
2023-08-21,9.30054663986233
2023-08-22,9.406729185981574
2023-08-23,9.308917935337176
2023-08-24,9.251866118804681
2023-08-25,9.347403022364523
2023-08-26,9.265112607823163
2023-08-27,9.307739277963316
2023-08-28,9.346094292953802
2023-08-29,9.36314729221994
2023-08-30,9.201904893155081
2023-08-31,9.163353580751846
2023-09-01,9.131838143821225
2023-09-02,9.103756886573398
2023-09-03,9.060795734696166
2023-09-04,9.285169512596832
2023-09-05,9.24319470884713
2023-09-06,9.226607344440055
2023-09-07,9.36134324551271
2023-09-08,9.531988993991236
2023-09-09,9.374158457205578
2023-09-10,9.245128197461847
2023-09-11,9.359708203627006
2023-09-12,9.37143829231851
2023-09-13,9.32500744695431
2023-09-14,9.355738574665539
2023-09-15,9.263786347681808
2023-09-16,9.149528232579426
2023-09-17,9.071193240566025
2023-09-18,9.323311850635344
2023-09-19,9.365376374075716
2023-09-20,9.367856809851165
2023-09-21,9.536834420213353
2023-09-22,9.61973109808682
2023-09-23,9.580868910203451
2023-09-24,9.387816877106937
2023-09-25,9.466299552232016
2023-09-26,9.4136076932856
2023-09-27,9.474165107897397
2023-09-28,9.333442569110167
2023-09-29,9.208839245849916
2023-09-30,9.131838143821225
2023-10-01,9.229652683008556
2023-10-02,9.28702359674714
2023-10-03,9.229848838364227
2023-10-04,9.248887781588422
2023-10-05,9.254452946594503
2023-10-06,9.248214024404264
2023-10-07,9.108529105829499
2023-10-08,9.041921720351219
2023-10-09,9.2237500588861
2023-10-10,9.340315448397929
2023-10-11,9.307920700315046
2023-10-12,9.298442820197728
2023-10-13,9.241063544619024
2023-10-14,9.14644164612595
2023-10-15,9.14569517848265
2023-10-16,9.401621670141608
2023-10-17,9.368625350941896
2023-10-18,9.424564261115739
2023-10-19,9.37695589894852
2023-10-20,9.434683203865875
2023-10-21,9.29394595583098
2023-10-22,9.387481868728596
2023-10-23,9.524201756211266
2023-10-24,9.893336201479753
2023-10-25,9.761923988214342
2023-10-26,9.565073431677574
2023-10-27,9.405907155520158
2023-10-28,9.224539091375995
2023-10-29,9.238052810542719
2023-10-30,9.324472306021095
2023-10-31,9.389991700214258
2023-11-01,9.28637505825218
2023-11-02,9.288781798282745
2023-11-03,9.61440449916872
2023-11-04,9.465060106725137
2023-11-05,9.37999875481674
2023-11-06,9.51657428982249
2023-11-07,9.462731997649378
2023-11-08,9.47677327138879
2023-11-09,9.535462727401809
2023-11-10,9.50390510758612
2023-11-11,9.28498391497195
2023-11-12,9.26738211234338
2023-11-13,9.303921785597714
2023-11-14,9.325898712610455
2023-11-15,9.388151773292252
2023-11-16,9.302190025606063
2023-11-17,9.20109779060925
2023-11-18,9.236690147298965
2023-11-19,9.237663667625073
2023-11-20,9.37737907190562
2023-11-21,9.3910773406399
2023-11-22,9.548668029096856
2023-11-23,9.476466781462246
2023-11-24,9.374328222081633
2023-11-25,9.265207273417023
2023-11-26,9.227689010310796
2023-11-27,9.347577390281268
2023-11-28,9.433083843269053
2023-11-29,9.430118265814091
2023-11-30,9.40951904583656
2023-12-01,9.346530726426447
2023-12-02,9.31533081916712
2023-12-03,9.391661428436555
2023-12-04,9.664341643744413
2023-12-05,9.648014489106362
2023-12-06,9.663769906600864
2023-12-07,9.594990340370426
2023-12-08,9.507254695741542
2023-12-09,9.367515046348181
2023-12-10,9.356084386028888
2023-12-11,9.46591239050973
2023-12-12,9.410174353854769
2023-12-13,9.28266103355581
2023-12-14,9.26785427817679
2023-12-15,9.24048152888817
2023-12-16,9.127827950401718
2023-12-17,9.129347212766652
2023-12-18,9.255600503381046
2023-12-19,9.205026277152413
2023-12-20,9.270211769013573
2023-12-21,9.186252576447092
2023-12-22,9.120853205474647
2023-12-23,9.326700173092378
2023-12-24,9.297160063928743
2023-12-25,9.380420642347783
2023-12-26,9.425854896125902
2023-12-27,9.365033761652663
2023-12-28,9.274816391160547
2023-12-29,9.34425918954197
2023-12-30,9.27977314669152
2023-12-31,9.172949982757624
2024-01-01,9.314880551250107
2024-01-02,9.623442907213558
2024-01-03,10.093322479806597
2024-01-04,9.659311868393488
2024-01-05,9.520248603186129
2024-01-06,9.56395062454207
2024-01-07,9.485772721999046
2024-01-08,9.713778777308155
2024-01-09,9.689489552881621
2024-01-10,9.770184705221707
2024-01-11,10.074621763689507
2024-01-12,10.019936365179374
2024-01-13,9.896664327188002
2024-01-14,9.789198406134
2024-01-15,9.820431977398803
2024-01-16,9.772410288929185
2024-01-17,9.67884287509565
2024-01-18,9.605283652624765
2024-01-19,9.726452000171411
2024-01-20,9.60750445504496
2024-01-21,9.534740027363126
2024-01-22,9.559517275737559
2024-01-23,9.542087175590064
2024-01-24,9.454853949026585
2024-01-25,9.461721464701633
2024-01-26,9.400464740833158
2024-01-27,9.360396968182862
2024-01-28,9.285262298493443
2024-01-29,9.37101259736508
2024-01-30,9.518853954007897
2024-01-31,9.498147436616115
2024-02-01,9.40153907670774
2024-02-02,9.340315448397929
2024-02-03,9.366317953430535
2024-02-04,9.452187908084165
2024-02-05,9.459385560813045
2024-02-06,9.681468368883628
2024-02-07,9.459541457609681
2024-02-08,9.517310233335248
2024-02-09,9.418898064961974
2024-02-10,9.3101857069459
2024-02-11,9.325453179076687
2024-02-12,9.486304051473764
2024-02-13,9.711297461543568
2024-02-14,9.604407435131979
2024-02-15,9.672185813520455
2024-02-16,9.475163150281881
2024-02-17,9.326254996572539
2024-02-18,9.484253080341965
2024-02-19,9.580523665939708
2024-02-20,9.629050706834368
2024-02-21,9.562193710635698
2024-02-22,9.734654613922729
2024-02-23,9.660332602134424
2024-02-24,9.489334816030398
2024-02-25,9.568713872550497
2024-02-26,9.745253547271233
2024-02-27,9.98289929196029
2024-02-28,10.252629192258004
2024-02-29,10.123185173446037
2024-03-01,9.883743923499516
2024-03-02,9.823524008395744
2024-03-03,9.782787767298343
2024-03-04,10.074748161970657
2024-03-05,10.190094046760976
2024-03-06,10.178502231260227
2024-03-07,10.107366731668879
2024-03-08,10.033286990070973
2024-03-09,10.002608643403935
2024-03-10,9.96509992166365
2024-03-11,10.226512637259905
2024-03-12,10.125830783679568
2024-03-13,10.021048341275273
2024-03-14,9.844427331406584
2024-03-15,9.77406200509567
2024-03-16,9.631416327598494
2024-03-17,9.810769011532921
2024-03-18,9.847816267665664
2024-03-19,9.961331842220567
2024-03-20,9.782449224159071
2024-03-21,9.651108271786734
2024-03-22,9.643290937019207
2024-03-23,9.513255825068553
2024-03-24,9.538780436900131
2024-03-25,9.809945808127765
2024-03-26,9.833869485655258
2024-03-27,9.709174382889795
2024-03-28,9.947360886980098
2024-03-29,9.837134051986107
2024-03-30,9.787346917401315
2024-03-31,9.691716587516886
2024-04-01,9.743553514619803
2024-04-02,9.84792198708642
2024-04-03,9.783238979939952
2024-04-04,9.738141099948136
2024-04-05,9.55506418479516
2024-04-06,9.480138475329403
2024-04-07,9.757131416174783
2024-04-08,9.62812922977318
2024-04-09,9.420439209769585
2024-04-10,9.429315246418172
2024-04-11,9.751559401061966
2024-04-12,9.581559041355757
2024-04-13,9.467769401256943
2024-04-14,9.540578933841877
2024-04-15,9.575955235484386
2024-04-16,9.497997444115459
2024-04-17,9.48181684008103
2024-04-18,9.569901147893372
2024-04-19,9.616605160254911
2024-04-20,9.755915188068993
2024-04-21,9.64309634032025
2024-04-22,9.608512282590205
2024-04-23,9.676398728859633
2024-04-24,11.120993371144648
2024-04-25,10.638855748530036
2024-04-26,10.622594834765605
2024-04-27,10.11480140809676
2024-04-28,9.51355124604559
2024-04-29,9.384797753713336
2024-04-30,9.464439807410837
2024-05-01,9.415564321987441
2024-05-02,9.381179591661104
2024-05-03,9.316680407747508
2024-05-04,9.29771001811309
2024-05-05,9.344958673700944
2024-05-06,9.406811351874557
2024-05-07,9.33467964623179
2024-05-08,9.323669057283185
2024-05-09,9.324115386235027
2024-05-10,9.126632622902697
2024-05-11,8.998754769495703
2024-05-12,9.074749717669835
2024-05-13,9.156306483483696
2024-05-14,9.182249491809657
2024-05-15,9.25023393563786
2024-05-16,9.193194213141211
2024-05-17,9.1942109900463
2024-05-18,9.131621787264777
2024-05-19,9.114710140960932
2024-05-20,9.280332743796217
2024-05-21,9.372544251851037
2024-05-22,9.304650051446924
2024-05-23,9.22876950744455
2024-05-24,9.209940291954844
2024-05-25,9.183277452426493
2024-05-26,9.276783328524896
2024-05-27,9.312264991698108
2024-05-28,9.452501929126154
2024-05-29,9.53336545669996
2024-05-30,9.431081038674082
2024-05-31,9.088285725968877
2024-06-01,8.966356154790121
2024-06-02,9.042276686928927
2024-06-03,9.140347000155648
2024-06-04,9.176059437999308
2024-06-05,9.19085169539232
2024-06-06,9.115809888129949
2024-06-07,9.07383312732152
2024-06-08,9.042513261332681
2024-06-09,9.064505023752638
2024-06-10,9.082961442646353
2024-06-11,9.121618441915379
2024-06-12,9.139595967450425
2024-06-13,9.108418382250798
2024-06-14,9.087268374386188
2024-06-15,9.998161166138809
2024-06-16,9.60689927061335
2024-06-17,9.171287644712482
2024-06-18,9.124782483614537
2024-06-19,9.101752431559284
2024-06-20,9.31533081916712
2024-06-21,9.201804040953895
2024-06-22,9.089753408987065
2024-06-23,9.08839870117094
2024-06-24,9.207837241758064
2024-06-25,9.18686701579054
2024-06-26,9.09918532261002
2024-06-27,9.067277989134345
2024-06-28,8.978282203272398
2024-06-29,8.894944460956886
2024-06-30,8.961366060627451
2024-07-01,8.995412975433313
2024-07-02,9.012986392348266
2024-07-03,9.02713842775492
2024-07-04,9.067970030684457
2024-07-05,9.05005424204284
2024-07-06,8.884194633072273
2024-07-07,8.917712757131387
2024-07-08,8.958797346140274
2024-07-09,8.994916943677111
2024-07-10,9.03025631012242
2024-07-11,9.139166552521658
2024-07-12,8.94767606249969
2024-07-13,8.838986793496787
2024-07-14,9.024492605405669
2024-07-15,8.94910546953925
2024-07-16,8.992681750892542
2024-07-17,8.998136760700307
2024-07-18,8.966738978759576
2024-07-19,8.915297945118109
2024-07-20,8.893847217670283
2024-07-21,8.948585921534317
2024-07-22,9.011645501064283
2024-07-23,9.020147920801659
2024-07-24,9.069122370060645
2024-07-25,9.024251728612985
2024-07-26,9.026417533815254
2024-07-27,9.409027282856401
2024-07-28,9.442562587223597
2024-07-29,9.375770061099919
2024-07-30,9.256460307589736
2024-07-31,9.131188933670746
2024-08-01,9.0940312495758
2024-08-02,9.039077442538963
2024-08-03,9.064620717626777
2024-08-04,9.069813136839207
2024-08-05,9.458449669308141
2024-08-06,9.355565624128962
2024-08-07,9.27275163209758
2024-08-08,9.193804403336083
2024-08-09,9.180087328805161
2024-08-10,8.976893927666076
2024-08-11,9.023408202624545
2024-08-12,9.151651375627504
2024-08-13,9.110409533351133
2024-08-14,9.089979015305
2024-08-15,9.019300924562506
2024-08-16,9.071193240566025
2024-08-17,9.0173622349937
2024-08-18,9.046290859969677
2024-08-19,9.133135301067211
2024-08-20,9.158731238242952
2024-08-21,9.118225083068378
2024-08-22,9.101640955052842
2024-08-23,9.06323150693797
2024-08-24,8.959311617172437
2024-08-25,9.035986984831405
2024-08-26,9.22562299550734
2024-08-27,9.24116051431607
2024-08-28,9.242323417829233
2024-08-29,9.22562299550734
2024-08-30,9.151651375627504
2024-08-31,9.109193189971226
2024-09-01,9.218804450388312
2024-09-02,9.126197603863755
2024-09-03,9.13873695311649
2024-09-04,9.24319470884713
2024-09-05,9.133135301067211
2024-09-06,9.127502093667179
2024-09-07,9.0953783535065
2024-09-08,9.173053787190167
2024-09-09,9.115699967822062
2024-09-10,9.151227107483676
2024-09-11,9.104979856318357
2024-09-12,9.083415678402515
2024-09-13,9.085797036901582
2024-09-14,9.109193189971226
2024-09-15,9.125653563808989
2024-09-16,9.190035618635818
2024-09-17,9.591649390206587
2024-09-18,9.431321587125709
2024-09-19,9.414831034791183
2024-09-20,9.33184978937338
2024-09-21,9.24435525056346
2024-09-22,9.280425979542871
2024-09-23,9.322686431807721
2024-09-24,9.371693622333941
2024-09-25,9.355652103136237
2024-09-26,9.343996756788856
2024-09-27,9.225228984469933
2024-09-28,9.157361447185297
2024-09-29,9.119868468812108
2024-09-30,9.33025446864152
2024-10-01,9.190749722211178
2024-10-02,9.11007795003779
2024-10-03,9.179159254492609
2024-10-04,9.184099060770956
2024-10-05,9.270964993792617
2024-10-06,9.261318616740812
2024-10-07,9.303557453687317
2024-10-08,9.289243969571649
2024-10-09,9.54809749706027
2024-10-10,9.336356092559043
2024-10-11,9.359105145241294
2024-10-12,9.226213721132472
2024-10-13,9.277905558138606
2024-10-14,9.411892497046916
2024-10-15,9.398146859000708
2024-10-16,9.305013985578864
2024-10-17,9.32607687045878
2024-10-18,9.257796313132479
2024-10-19,9.214830277249035
2024-10-20,9.20109779060925
2024-10-21,9.221774749601845
2024-10-22,9.24445190160495
2024-10-23,9.219498309760949
2024-10-24,9.19624144759668
2024-10-25,9.125326997649227
2024-10-26,9.086363192156472
2024-10-27,9.098514556793926
2024-10-28,9.176473302464606
2024-10-29,9.36426245424844
2024-10-30,9.234349824436535
2024-10-31,9.17367638760459
2024-11-01,9.096947684621092
2024-11-02,9.097171673870545
2024-11-03,9.338381721857067
2024-11-04,9.253016646256619
2024-11-05,9.19624144759668
2024-11-06,9.651172623921639
2024-11-07,9.49046898877305
2024-11-08,9.391327705757
2024-11-09,9.373479109353363
2024-11-10,9.65726726989194
2024-11-11,10.183427229849748
2024-11-12,10.278699617473272
2024-11-13,10.215667096588296
2024-11-14,9.998343083548807
2024-11-15,9.81776625213065
2024-11-16,9.741203889478681
2024-11-17,9.744667655527264
2024-11-18,9.734654613922729
2024-11-19,9.745253547271233
2024-11-20,9.875550933843105
2024-11-21,10.199249395552329
2024-11-22,10.257378625098244
2024-11-23,9.979290515951629
2024-11-24,10.031792812689051
2024-11-25,9.905036352525979
2024-11-26,9.759790377278941
2024-11-27,9.711297461543568
2024-11-28,9.665420700626543
2024-11-29,9.666181687409415
2024-11-30,9.652201695275638
2024-12-01,9.641603172905487
2024-12-02,9.93464701478523
2024-12-03,9.822223265705164
2024-12-04,9.832689481227412
2024-12-05,10.908942342717989
2024-12-06,10.481925094712139
2024-12-07,10.138480620207487
2024-12-08,9.9410723128634
2024-12-09,10.221723078031365
2024-12-10,9.978687785099064
2024-12-11,9.88690074893173
2024-12-12,9.863654652034406
2024-12-13,9.868689046993433
2024-12-14,9.760655903428585
2024-12-15,9.795512510870829
2024-12-16,9.988012507605816
2024-12-17,9.868689046993433
2024-12-18,9.859326656750358
2024-12-19,9.89353822168246
2024-12-20,9.958165113826825
2024-12-21,9.723642925617066
2024-12-22,9.687691938884457
2024-12-23,9.698122522573561
2024-12-24,9.610792938260802
2024-12-25,9.574844587029249
2024-12-26,9.679280936368654
2024-12-27,9.770070439095777
2024-12-28,9.866667954397592
2024-12-29,9.666815400992093
2024-12-30,9.595262578853017
2024-12-31,9.49046898877305
